Season,MatchDay,TeamHome,Result,TeamAway,Stadium,Date,Time,Spectators,Referee,YellowCards,RedCards
2018,1,Girona F. C. ,0 – 0 ,Real Valladolid C. F. ,Montilivi ,17 de agosto ,20:15 ,10.368,Cuadra Fernández ,2,0
2018,1,Real Betis ,0 – 3 ,Levante U. D. ,Villamarín ,17 de agosto ,22:15 ,46.225,Iglesias Villanueva ,2,0
2018,1,R. C. Celta de Vigo ,1 – 1 ,R. C. D. Español ,Balaídos ,18 de agosto ,18:15 ,16.215,Jaime Latre ,5,0
2018,1,Villarreal C. F. ,1 – 2 ,Real Sociedad ,La Cerámica ,18 de agosto ,20:15 ,16.25,Melero López ,5,0
2018,1,F. C. Barcelona ,3 – 0 ,Deportivo Alavés ,Camp Nou ,18 de agosto ,22:15 ,52.356,Sánchez Martínez ,2,0
2018,1,S. D. Eibar ,1 – 2 ,S. D. Huesca ,Ipurúa ,19 de agosto ,18:15 ,4.234,Prieto Iglesias ,2,0
2018,1,Rayo Vallecano ,1 – 4 ,Sevilla F. C. ,Vallecas ,19 de agosto ,20:15 ,11.626,Mateu Lahoz ,1,0
2018,1,Real Madrid C. F. ,2 – 0 ,Getafe C. F. ,Bernabéu ,19 de agosto ,22:15 ,48.446,Estrada Fernández ,8,0
2018,1,Valencia C. F. ,1 – 1 ,Atlético de Madrid ,Mestalla ,20 de agosto ,20:00 ,46.174,Gil Manzano ,5,0
2018,1,Athletic Club ,2 – 1 ,C. D. Leganés ,San Mamés ,20 de agosto ,22:00 ,38.327,Cordero Vega ,8,0
2018,2,Getafe C. F. ,2 – 0 ,S. D. Eibar ,Alfonso Pérez ,24 de agosto ,20:15 ,7.851,Medié Jiménez ,2,0
2018,2,C. D. Leganés ,2 – 2 ,Real Sociedad ,Butarque ,24 de agosto ,22:15 ,9.735,Munuera Montero ,2,0
2018,2,Deportivo Alavés ,0 – 0 ,Real Betis ,Mendizorroza ,25 de agosto ,18:15 ,18.221,González Fuertes ,4,0
2018,2,Atlético de Madrid ,1 – 0 ,Rayo Vallecano ,Wanda Metropolitano ,25 de agosto ,20:15 ,52.568,González González ,2,0
2018,2,Real Valladolid C. F. ,0 – 1 ,F. C. Barcelona ,José Zorrilla ,25 de agosto ,22:15 ,22.651,De Burgos Bengoetxea ,2,0
2018,2,R. C. D. Español ,2 – 0 ,Valencia C. F. ,RCDE Stadium ,26 de agosto ,18:15 ,18.714,Del Cerro Grande ,2,0
2018,2,Sevilla F. C. ,0 – 0 ,Villarreal C. F. ,Sánchez Pizjuán ,26 de agosto ,22:15 ,35.831,Undiano Mallenco ,5,0
2018,2,Girona F. C. ,1 – 4 ,Real Madrid C. F. ,Montilivi ,26 de agosto ,22:15 ,13.889,Martínez Munuera ,5,0
2018,2,Levante U. D. ,1 – 2 ,R. C. Celta de Vigo ,Ciudad de València ,27 de agosto ,20:15 ,21.122,Hernández Hernández ,5,0
2018,2,Athletic Club ,2 – 2 ,S. D. Huesca ,San Mamés ,27 de agosto ,22:00 ,36.818,Alberola Rojas ,4,0
2018,3,Getafe C. F. ,0 – 0 ,Real Valladolid C. F. ,Alfonso Pérez ,31 de agosto ,20:00 ,9.817,Cordero Vega ,4,0
2018,3,Villarreal C. F. ,0 – 1 ,Girona F. C. ,La Cerámica ,31 de agosto ,22:00 ,15.74,Prieto Iglesias ,5,0
2018,3,S. D. Eibar ,2 – 1 ,Real Sociedad ,Ipurúa ,31 de agosto ,22:00 ,6.144,Sánchez Martínez ,5,0
2018,3,R. C. Celta de Vigo ,2 – 0 ,Atlético de Madrid ,Balaídos ,1 de septiembre ,18:30 ,19.013,Mateu Lahoz ,9,0
2018,3,Real Madrid C. F. ,4 – 1 ,C. D. Leganés ,Bernabéu ,1 de septiembre ,20:45 ,59.255,Jaime Latre ,2,0
2018,3,Levante U. D. ,2 – 2 ,Valencia C. F. ,Ciudad de València ,2 de septiembre ,12:00 ,24.073,Estrada Fernández ,6,0
2018,3,Deportivo Alavés ,2 – 1,R. C. D. Español ,Mendizorroza ,2 de septiembre ,16:15 ,18.052,Iglesias Villanueva ,7,0
2018,3,F. C. Barcelona ,8 – 2 ,S. D. Huesca ,Camp Nou ,2 de septiembre ,18:30 ,72.892,Melero López ,3,0
2018,3,Real Betis ,1 – 0 ,Sevilla F. C. ,Villamarín ,2 de septiembre ,20:45 ,53.451,Gil Manzano ,9,0
2018,3,Rayo Vallecano ,1 – 1 ,Athletic Club ,Vallecas ,24 de octubre ,19:00 ,11.85,Cuadra Fernández ,2,0
2018,4,S. D. Huesca ,0 – 1 ,Rayo Vallecano ,El Alcoraz ,14 de septiembre ,21:00 ,6.498,Medié Jiménez ,3,0
2018,4,Atlético de Madrid ,1 – 1 ,S. D. Eibar ,Wanda Metropolitano ,15 de septiembre ,13:00 ,55.674,Martínez Munuera ,4,0
2018,4,Real Sociedad ,1 – 2 ,F. C. Barcelona ,Anoeta ,15 de septiembre ,16:15 ,26.756,Del Cerro Grande ,2,0
2018,4,Valencia C. F. ,0 – 0 ,Real Betis ,Mestalla ,15 de septiembre ,18:30 ,40.05,Hernández Hernández ,9,0
2018,4,Athletic Club ,1 – 1 ,Real Madrid C. F. ,San Mamés ,15 de septiembre ,20:45 ,46.413,González González ,8,0
2018,4,C. D. Leganés ,0 – 1 ,Villarreal C. F. ,Butarque ,16 de septiembre ,12:00 ,10.432,González Fuertes ,7,0
2018,4,R. C. D. Español ,1 – 0 ,Levante U. D. ,RCDE Stadium ,16 de septiembre ,16:15 ,18.627,Undiano Mallenco ,1,0
2018,4,Real Valladolid C. F. ,0 – 1 ,Deportivo Alavés ,José Zorrilla ,16 de septiembre ,18:30 ,18.873,Munuera Montero ,5,0
2018,4,Sevilla F. C. ,0 – 2 ,Getafe C. F. ,Sánchez Pizjuán ,16 de septiembre ,20:45 ,36.943,De Burgos Bengoetxea ,9,0
2018,4,Girona F. C. ,3 – 2 ,R. C. Celta de Vigo ,Montilivi ,17 de septiembre ,21:00 ,9.849,Alberola Rojas ,4,0
2018,5,S. D. Huesca ,0 – 1 ,Real Sociedad ,El Alcoraz ,21 de septiembre ,21:00 ,6.948,Iglesias Villanueva ,8,1
2018,5,Rayo Vallecano ,1 – 5 ,Deportivo Alavés ,Vallecas ,22 de septiembre ,13:00 ,12.011,Cordero Vega ,3,1
2018,5,R. C. Celta de Vigo ,3 – 3 ,Real Valladolid C. F. ,Balaídos ,22 de septiembre ,16:15 ,16.552,Prieto Iglesias ,4,0
2018,5,S. D. Eibar ,1 – 0 ,C. D. Leganés ,Ipurúa ,22 de septiembre ,16:15 ,4.456,Melero López ,2,0
2018,5,Getafe C. F. ,0 – 2 ,Atlético de Madrid ,Alfonso Pérez ,22 de septiembre ,18:30 ,12.756,Sánchez Martínez ,3,1
2018,5,Real Madrid C. F. ,1 – 0 ,R. C. D. Español ,Bernabéu ,22 de septiembre ,20:45 ,67.658,Mateu Lahoz ,4,0
2018,5,Levante U. D. ,2 – 6 ,Sevilla F. C. ,Ciudad de València ,23 de septiembre ,12:00 ,20.143,Cuadra Fernández ,2,0
2018,5,Villarreal C. F. ,0 – 0 ,Valencia C. F. ,La Cerámica ,23 de septiembre ,16:15 ,18.373,Jaime Latre ,5,1
2018,5,Real Betis ,2 – 2 ,Athletic Club ,Villamarín ,23 de septiembre ,18:30 ,51.093,Estrada Fernández ,9,0
2018,5,F. C. Barcelona ,2 – 2 ,Girona F. C. ,Camp Nou ,23 de septiembre ,20:45 ,76.055,Gil Manzano ,8,1
2018,6,R. C. D. Español ,1 – 0 ,S. D. Eibar ,RCDE Stadium ,25 de septiembre ,20:00 ,13.547,Munuera Montero ,4,0
2018,6,Real Sociedad ,2 – 2 ,Rayo Vallecano ,Anoeta ,25 de septiembre ,21:00 ,21.51,Martínez Munuera ,7,0
2018,6,Atlético de Madrid ,3 – 0 ,S. D. Huesca ,Wanda Metropolitano ,25 de septiembre ,22:00 ,47.023,González Fuertes ,2,0
2018,6,Athletic Club ,0 – 3 ,Villarreal C. F. ,San Mamés ,26 de septiembre ,20:00 ,39.672,Del Cerro Grande ,2,0
2018,6,C. D. Leganés ,2 – 1 ,F. C. Barcelona ,Butarque ,26 de septiembre ,20:00 ,12.231,Undiano Mallenco ,6,0
2018,6,Valencia C. F. ,1 – 1 ,R. C. Celta de Vigo ,Mestalla ,26 de septiembre ,22:00 ,35.495,De Burgos Bengoetxea ,4,0
2018,6,Sevilla F. C. ,3 – 0 ,Real Madrid C. F. ,Sánchez Pizjuán ,26 de septiembre ,22:00 ,40.972,Hernández Hernández ,7,0
2018,6,Deportivo Alavés ,1 – 1,Getafe C. F. ,Mendizorroza ,27 de septiembre ,20:00 ,18.373,Prieto Iglesias ,6,0
2018,6,Real Valladolid C. F. ,2 – 1 ,Levante U. D. ,José Zorrilla ,27 de septiembre ,20:00 ,16.44,Medié Jiménez ,5,0
2018,6,Girona F. C. ,0 – 1 ,Real Betis ,Montilivi ,27 de septiembre ,22:00 ,11.358,González González ,4,0
2018,7,Rayo Vallecano ,2 – 2 ,R. C. D. Español ,Vallecas ,28 de septiembre ,21:00 ,12.102,Alberola Rojas ,6,0
2018,7,Real Sociedad ,0 – 1 ,Valencia C. F. ,Anoeta ,29 de septiembre ,13:00 ,23.577,Gil Manzano ,6,0
2018,7,F. C. Barcelona ,1 – 1 ,Athletic Club ,Camp Nou ,29 de septiembre ,16:15 ,78.015,Jaime Latre ,6,0
2018,7,S. D. Eibar ,1 – 3 ,Sevilla F. C. ,Ipurúa ,29 de septiembre ,18:30 ,5.443,Estrada Fernández ,5,0
2018,7,Real Madrid C. F. ,0 – 0 ,Atlético de Madrid ,Bernabéu ,29 de septiembre ,20:45 ,78.642,Martínez Munuera ,7,0
2018,7,S. D. Huesca ,1 – 1 ,Girona F. C. ,El Alcoraz ,30 de septiembre ,12:00 ,6.779,Cordero Vega ,6,0
2018,7,Villarreal C. F. ,0 – 1 ,Real Valladolid C. F. ,La Cerámica ,30 de septiembre ,16:15 ,15.602,Iglesias Villanueva ,6,0
2018,7,Levante U. D. ,2 – 1,Deportivo Alavés ,Ciudad de València ,30 de septiembre ,18:30 ,20.329,Melero López ,8,0
2018,7,Real Betis ,1 – 0 ,C. D. Leganés ,Villamarín ,30 de septiembre ,20:45 ,48.115,Sánchez Martínez ,4,0
2018,7,R. C. Celta de Vigo ,1 – 1 ,Getafe C. F. ,Balaídos ,1 de octubre ,21:00 ,14.33,Cuadra Fernández ,4,0
2018,8,Athletic Club ,1 – 3 ,Real Sociedad ,San Mamés ,5 de octubre ,21:00 ,46.684,Hernández Hernández ,6,0
2018,8,Girona F. C. ,2 – 3 ,S. D. Eibar ,Montilivi ,6 de octubre ,13:00 ,10.569,Prieto Iglesias ,9,0
2018,8,Getafe C. F. ,0 – 1 ,Levante U. D. ,Alfonso Pérez ,6 de octubre ,16:15 ,9.557,Munuera Montero ,9,1
2018,8,Deportivo Alavés ,1 – 0,Real Madrid C. F. ,Mendizorroza ,6 de octubre ,18:30 ,19.461,Jaime Latre ,1,0
2018,8,C. D. Leganés ,1 – 0 ,Rayo Vallecano ,Butarque ,6 de octubre ,20:45 ,11.539,Medié Jiménez ,5,0
2018,8,Real Valladolid C. F. ,1 – 0 ,S. D. Huesca ,José Zorrilla ,7 de octubre ,12:00 ,17.3,Mateu Lahoz ,3,0
2018,8,Atlético de Madrid ,1 – 0 ,Real Betis ,Wanda Metropolitano ,7 de octubre ,16:15 ,63.786,Undiano Mallenco ,8,0
2018,8,R. C. D. Español ,3 – 1 ,Villarreal C. F. ,RCDE Stadium ,7 de octubre ,18:30 ,20.032,De Burgos Bengoetxea ,5,0
2018,8,Sevilla F. C. ,2 – 1 ,R. C. Celta de Vigo ,Sánchez Pizjuán ,7 de octubre ,18:30 ,38.068,González Fuertes ,7,0
2018,8,Valencia C. F. ,1 – 1 ,F. C. Barcelona ,Mestalla ,7 de octubre ,20:45 ,46.249,González González ,4,0
2018,9,R. C. Celta de Vigo ,0 – 1 ,Deportivo Alavés ,Balaídos ,19 de octubre ,21:00 ,15.267,Del Cerro Grande ,5,0
2018,9,Real Madrid C. F. ,1 – 2 ,Levante U. D. ,Bernabéu ,20 de octubre ,13:00 ,63.423,Cuadra Fernández ,3,0
2018,9,Valencia C. F. ,1 – 1 ,C. D. Leganés ,Mestalla ,20 de octubre ,16:15 ,35.597,Iglesias Villanueva ,3,0
2018,9,Villarreal C. F. ,1 – 1 ,Atlético de Madrid ,La Cerámica ,20 de octubre ,18:30 ,17.518,Estrada Fernández ,4,0
2018,9,F. C. Barcelona ,4 – 2 ,Sevilla F. C. ,Camp Nou ,20 de octubre ,20:45 ,88.712,Martínez Munuera ,1,0
2018,9,Rayo Vallecano ,1 – 2 ,Getafe C. F. ,Vallecas ,21 de octubre ,12:00 ,12.04,Melero López ,10,0
2018,9,S. D. Eibar ,1 – 1 ,Athletic Club ,Ipurúa ,21 de octubre ,16:15 ,6.475,Gil Manzano ,5,0
2018,9,S. D. Huesca ,0 – 2 ,R. C. D. Español ,El Alcoraz ,21 de octubre ,18:30 ,6.964,Prieto Iglesias ,6,0
2018,9,Real Betis ,0 – 1 ,Real Valladolid C. F. ,Villamarín ,21 de octubre ,20:45 ,42.581,Alberola Rojas ,4,0
2018,9,Real Sociedad ,0 – 0 ,Girona F. C. ,Anoeta ,22 de octubre ,21:00 ,20.997,González Fuertes ,4,0
2018,10,Real Valladolid C. F. ,1 – 1 ,R. C. D. Español ,José Zorrilla ,26 de octubre ,21:00 ,18.231,Cordero Vega ,5,0
2018,10,Girona F. C. ,2 – 1 ,Rayo Vallecano ,Montilivi ,27 de octubre ,13:00 ,6.618,Munuera Montero ,4,1
2018,10,Athletic Club ,0 – 0 ,Valencia C. F. ,San Mamés ,27 de octubre ,16:15 ,39.261,Undiano Mallenco ,7,0
2018,10,R. C. Celta de Vigo ,4 – 0 ,S. D. Eibar ,Balaídos ,27 de octubre ,18:30 ,15.509,González González ,0,0
2018,10,Levante U. D. ,2 – 0 ,C. D. Leganés ,Ciudad de València ,27 de octubre ,18:30 ,19.754,De Burgos Bengoetxea ,4,0
2018,10,Atlético de Madrid ,2 – 0 ,Real Sociedad ,Wanda Metropolitano ,27 de octubre ,20:45 ,57.514,Mateu Lahoz ,3,0
2018,10,Getafe C. F. ,2 – 0 ,Real Betis ,Alfonso Pérez ,28 de octubre ,12:00 ,12.086,Jaime Latre ,3,0
2018,10,F. C. Barcelona ,5 – 1 ,Real Madrid C. F. ,Camp Nou ,28 de octubre ,16:15 ,93.265,Sánchez Martínez ,4,0
2018,10,Deportivo Alavés ,2 – 1,Villarreal C. F. ,Mendizorroza ,28 de octubre ,18:30 ,16.956,Cuadra Fernández ,2,0
2018,10,Sevilla F. C. ,2 – 1 ,S. D. Huesca ,Sánchez Pizjuán ,28 de octubre ,20:45 ,33.022,Medié Jiménez ,5,0
2018,11,C. D. Leganés ,1 – 1 ,Atlético de Madrid ,Butarque ,3 de noviembre ,13:00 ,12.319,Melero López ,6,0
2018,11,Real Madrid C. F. ,2 – 0 ,Real Valladolid C. F. ,Bernabéu ,3 de noviembre ,16:15 ,68.05,Gil Manzano ,1,0
2018,11,Valencia C. F. ,0 – 1 ,Girona F. C. ,Mestalla ,3 de noviembre ,18:30 ,38.745,Alberola Rojas ,8,0
2018,11,Rayo Vallecano ,2 – 3 ,F. C. Barcelona ,Vallecas ,3 de noviembre ,20:45 ,13.785,Hernández Hernández ,6,0
2018,11,S. D. Eibar ,2 – 1,Deportivo Alavés ,Ipurúa ,4 de noviembre ,12:00 ,12.714,Iglesias Villanueva ,3,2
2018,11,Villarreal C. F. ,1 – 1 ,Levante U. D. ,La Cerámica ,4 de noviembre ,16:15 ,16.499,Del Cerro Grande ,5,0
2018,11,Real Sociedad ,0 – 0 ,Sevilla F. C. ,Anoeta ,4 de noviembre ,18:30 ,24.882,Prieto Iglesias ,4,0
2018,11,S. D. Huesca ,1 – 1 ,Getafe C. F. ,El Alcoraz ,4 de noviembre ,18:30 ,6.42,Martínez Munuera ,7,0
2018,11,Real Betis ,3 – 3 ,R. C. Celta de Vigo ,Villamarín ,4 de noviembre ,20:45 ,42.13,Estrada Fernández ,6,0
2018,11,R. C. D. Español ,1 – 0 ,Athletic Club ,RCDE Stadium ,5 de noviembre ,21:00 ,14.328,González Fuertes ,4,0
2018,12,Levante U. D. ,1 – 3 ,Real Sociedad ,Ciudad de València ,9 de noviembre ,21:00 ,19.89,Medié Jiménez ,7,0
2018,12,Real Valladolid C. F. ,0 – 0 ,S. D. Eibar ,José Zorrilla ,10 de noviembre ,13:00 ,16.038,Cuadra Fernández ,6,0
2018,12,Getafe C. F. ,0 – 1 ,Valencia C. F. ,Alfonso Pérez ,10 de noviembre ,16:15 ,10.011,De Burgos Bengoetxea ,6,0
2018,12,Atlético de Madrid ,3 – 2 ,Athletic Club ,Wanda Metropolitano ,10 de noviembre ,18:30 ,59.321,Sánchez Martínez ,10,1
2018,12,Girona F. C. ,0 – 0 ,C. D. Leganés ,Montilivi ,10 de noviembre ,20:45 ,9.874,Cordero Vega ,5,0
2018,12,Deportivo Alavés ,2 – 1 ,S. D. Huesca ,Mendizorroza ,11 de noviembre ,12:00 ,18.437,Munuera Montero ,7,0
2018,12,F. C. Barcelona ,3 – 4 ,Real Betis ,Camp Nou ,11 de noviembre ,16:15 ,83.174,Mateu Lahoz ,6,0
2018,12,Rayo Vallecano ,2 – 2 ,Villarreal C. F. ,Vallecas ,11 de noviembre ,18:30 ,11.84,González González ,4,0
2018,12,Sevilla F. C. ,2 – 1 ,R. C. D. Español ,Sánchez Pizjuán ,11 de noviembre ,18:30 ,38.769,Jaime Latre ,6,0
2018,12,R. C. Celta de Vigo ,2 – 4 ,Real Madrid C. F. ,Balaídos ,11 de noviembre ,20:45 ,21.184,Undiano Mallenco ,6,0
2018,13,C. D. Leganés ,1 – 0 ,Deportivo Alavés ,Butarque ,23 de noviembre ,21:00 ,9.863,Alberola Rojas ,6,0
2018,13,S. D. Eibar ,3 – 0 ,Real Madrid C. F. ,Ipurúa ,24 de noviembre ,13:00 ,6.435,Martínez Munuera ,3,0
2018,13,Valencia C. F. ,3 – 0 ,Rayo Vallecano ,Mestalla ,24 de noviembre ,16:15 ,37.814,González Fuertes ,6,0
2018,13,S. D. Huesca ,2 – 2 ,Levante U. D. ,El Alcoraz ,24 de noviembre ,18:30 ,6.459,Estrada Fernández ,6,0
2018,13,Atlético de Madrid ,1 – 1 ,F. C. Barcelona ,Wanda Metropolitano ,24 de noviembre ,20:45 ,67.204,Gil Manzano ,8,0
2018,13,Athletic Club ,1 – 1 ,Getafe C. F. ,San Mamés ,25 de noviembre ,12:00 ,39.821,Iglesias Villanueva ,9,0
2018,13,Sevilla F. C. ,1 – 0 ,Real Valladolid C. F. ,Sánchez Pizjuán ,25 de noviembre ,16:15 ,34.064,Del Cerro Grande ,6,0
2018,13,R. C. D. Español ,1 – 3 ,Girona F. C. ,RCDE Stadium ,25 de noviembre ,18:30 ,22.716,Hernández Hernández ,7,0
2018,13,Villarreal C. F. ,2 – 1 ,Real Betis ,La Cerámica ,25 de noviembre ,20:45 ,16.028,Prieto Iglesias ,3,0
2018,13,Real Sociedad ,2 – 1 ,R. C. Celta de Vigo ,Anoeta ,26 de noviembre ,21:00 ,17.745,Melero López ,4,0
2018,14,Rayo Vallecano ,1 – 0 ,S. D. Eibar ,Vallecas ,30 de noviembre ,21:00 ,11.257,Undiano Mallenco ,8,0
2018,14,R. C. Celta de Vigo ,2 – 0 ,S. D. Huesca ,Balaídos ,1 de diciembre ,13:00 ,13.463,Cordero Vega ,5,0
2018,14,Real Valladolid C. F. ,2 – 4 ,C. D. Leganés ,José Zorrilla ,1 de diciembre ,16:15 ,16.783,Medié Jiménez ,3,0
2018,14,Getafe C. F. ,3 – 0 ,R. C. D. Español ,Alfonso Pérez ,1 de diciembre ,18:30 ,9.287,Mateu Lahoz ,5,0
2018,14,Real Madrid C. F. ,2 – 0 ,Valencia C. F. ,Bernabéu ,1 de diciembre ,20:45 ,69.653,González González ,4,0
2018,14,Real Betis ,1 – 0 ,Real Sociedad ,Villamarín ,2 de diciembre ,12:00 ,46.562,Cuadra Fernández ,6,0
2018,14,Girona F. C. ,1 – 1 ,Atlético de Madrid ,Montilivi ,2 de diciembre ,16:15 ,12.104,De Burgos Bengoetxea ,5,0
2018,14,F. C. Barcelona ,2 – 0 ,Villarreal C. F. ,Camp Nou ,2 de diciembre ,18:30 ,73.003,Munuera Montero ,6,0
2018,14,Deportivo Alavés ,1 – 1 ,Sevilla F. C. ,Mendizorroza ,2 de diciembre ,20:45 ,17.848,Sánchez Martínez ,6,0
2018,14,Levante U. D. ,3 – 0 ,Athletic Club ,Ciudad de València ,3 de diciembre ,21:00 ,19.928,Jaime Latre ,8,1
2018,15,C. D. Leganés ,1 – 1 ,Getafe C. F. ,Butarque ,7 de diciembre ,21:00 ,11.327,González Fuertes ,3,1
2018,15,Atlético de Madrid ,3 – 0 ,Deportivo Alavés ,Wanda Metropolitano ,8 de diciembre ,13:00 ,55.81,Hernández Hernández ,9,0
2018,15,Valencia C. F. ,1 – 1 ,Sevilla F. C. ,Mestalla ,8 de diciembre ,16:15 ,40.057,Estrada Fernández ,4,0
2018,15,Villarreal C. F. ,2 – 3 ,R. C. Celta de Vigo ,La Cerámica ,8 de diciembre ,18:30 ,15.72,Gil Manzano ,6,0
2018,15,R. C. D. Español ,0 – 4 ,F. C. Barcelona ,RCDE Stadium ,8 de diciembre ,20:45 ,24.037,Del Cerro Grande ,1,0
2018,15,S. D. Eibar ,4 – 4 ,Levante U. D. ,Ipurúa ,9 de diciembre ,12:00 ,5.238,Alberola Rojas ,4,0
2018,15,S. D. Huesca ,0 – 1 ,Real Madrid C. F. ,El Alcoraz ,9 de diciembre ,16:15 ,7.341,Melero López ,4,0
2018,15,Real Sociedad ,1 – 2 ,Real Valladolid C. F. ,Anoeta ,9 de diciembre ,18:30 ,23.26,Iglesias Villanueva ,4,0
2018,15,Real Betis ,2 – 0 ,Rayo Vallecano ,Villamarín ,9 de diciembre ,20:45 ,40.218,Martínez Munuera ,5,0
2018,15,Athletic Club ,1 – 0 ,Girona F. C. ,San Mamés ,10 de diciembre ,21:00 ,34.06,Prieto Iglesias ,4,0
2018,16,R. C. Celta de Vigo ,0 – 0 ,C. D. Leganés ,Balaídos ,14 de diciembre ,21:00 ,15.134,Munuera Montero ,6,0
2018,16,Getafe C. F. ,1 – 0 ,Real Sociedad ,Alfonso Pérez ,15 de diciembre ,13:00 ,9.018,Jaime Latre ,7,0
2018,16,Real Valladolid C. F. ,2 – 3 ,Atlético de Madrid ,José Zorrilla ,15 de diciembre ,16:15 ,22.585,Undiano Mallenco ,5,0
2018,16,Real Madrid C. F. ,1 – 0 ,Rayo Vallecano ,Bernabéu ,15 de diciembre ,18:30 ,55.229,De Burgos Bengoetxea ,3,0
2018,16,S. D. Eibar ,1 – 1 ,Valencia C. F. ,Ipurúa ,15 de diciembre ,20:45 ,4.491,Cordero Vega ,1,0
2018,16,Sevilla F. C. ,2 – 0 ,Girona F. C. ,Sánchez Pizjuán ,16 de diciembre ,12:00 ,33.542,Cuadra Fernández ,3,0
2018,16,R. C. D. Español ,1 – 3 ,Real Betis ,RCDE Stadium ,16 de diciembre ,16:15 ,20.275,Sánchez Martínez ,7,0
2018,16,S. D. Huesca ,2 – 2 ,Villarreal C. F. ,El Alcoraz ,16 de diciembre ,18:30 ,6.455,Medié Jiménez ,9,0
2018,16,Levante U. D. ,0 – 5 ,F. C. Barcelona ,Ciudad de València ,16 de diciembre ,20:45 ,23.736,González González ,5,1
2018,16,Deportivo Alavés ,0 – 0 ,Athletic Club ,Mendizorroza ,17 de diciembre ,21:00 ,19.349,Mateu Lahoz ,4,0
2018,17,Girona F. C. ,1 – 1 ,Getafe C. F. ,Montilivi ,21 de diciembre ,19:30 ,8.45,Alberola Rojas ,3,0
2018,17,Real Sociedad ,0 – 1 ,Deportivo Alavés ,Anoeta ,21 de diciembre ,21:00 ,22.431,Estrada Fernández ,6,0
2018,17,Real Betis ,1 – 1 ,S. D. Eibar ,Villamarín ,22 de diciembre ,13:00 ,49.426,Del Cerro Grande ,6,0
2018,17,Atlético de Madrid ,1 – 0 ,R. C. D. Español ,Wanda Metropolitano ,22 de diciembre ,16:15 ,58.069,Melero López ,2,0
2018,17,F. C. Barcelona ,2 – 0 ,R. C. Celta de Vigo ,Camp Nou ,22 de diciembre ,18:30 ,78.686,Prieto Iglesias ,1,0
2018,17,Athletic Club ,1 – 1 ,Real Valladolid C. F. ,San Mamés ,22 de diciembre ,20:45 ,42.633,Martínez Munuera ,5,0
2018,17,Valencia C. F. ,2 – 1 ,S. D. Huesca ,Mestalla ,23 de diciembre ,12:00 ,36.547,Gil Manzano ,11,0
2018,17,C. D. Leganés ,1 – 1 ,Sevilla F. C. ,Butarque ,23 de diciembre ,16:15 ,11.321,Hernández Hernández ,6,1
2018,17,Rayo Vallecano ,2 – 1 ,Levante U. D. ,Vallecas ,23 de diciembre ,18:30 ,11.206,Iglesias Villanueva ,4,0
2018,17,Villarreal C. F. ,2 – 2 ,Real Madrid C. F. ,La Cerámica ,3 de enero ,21:30 ,19.903,González Fuertes ,4,0
2018,18,Levante U. D. ,2 – 2 ,Girona F. C. ,Ciudad de València ,4 de enero ,19:00 ,19.415,Undiano Mallenco ,4,1
2018,18,R. C. D. Español ,1 – 0 ,C. D. Leganés ,RCDE Stadium ,4 de enero ,21:00 ,15.085,González González ,7,0
2018,18,Real Valladolid C. F. ,0 – 1 ,Rayo Vallecano ,José Zorrilla ,5 de enero ,13:00 ,17.261,Cordero Vega ,3,0
2018,18,Deportivo Alavés ,2 – 1 ,Valencia C. F. ,Mendizorroza ,5 de enero ,16:15 ,18.304,Medié Jiménez ,6,0
2018,18,S. D. Huesca ,2 – 1 ,Real Betis ,El Alcoraz ,5 de enero ,20:45 ,6.135,De Burgos Bengoetxea ,5,0
2018,18,S. D. Eibar ,0 – 0 ,Villarreal C. F. ,Ipurúa ,6 de enero ,12:00 ,4.141,Jaime Latre ,2,0
2018,18,Sevilla F. C. ,1 – 1 ,Atlético de Madrid ,Sánchez Pizjuán ,6 de enero ,16:15 ,38.603,Mateu Lahoz ,12,0
2018,18,Real Madrid C. F. ,0 – 2 ,Real Sociedad ,Bernabéu ,6 de enero ,18:30 ,53.412,Munuera Montero ,6,0
2018,18,Getafe C. F. ,1 – 2 ,F. C. Barcelona ,Alfonso Pérez ,6 de enero ,20:45 ,14.721,Cuadra Fernández ,7,0
2018,18,R. C. Celta de Vigo ,1 – 2 ,Athletic Club ,Balaídos ,7 de enero ,21:00 ,13.266,Martínez Munuera ,7,0
2018,19,Rayo Vallecano ,4 – 2 ,R. C. Celta de Vigo ,Vallecas ,11 de enero ,21:00 ,11.465,Alberola Rojas ,5,0
2018,19,C. D. Leganés ,1 – 0 ,S. D. Huesca ,Butarque ,12 de enero ,13:00 ,10.341,Melero López ,6,0
2018,19,Valencia C. F. ,1 – 1 ,Real Valladolid C. F. ,Mestalla ,12 de enero ,16:15 ,36.912,Iglesias Villanueva ,7,0
2018,19,Girona F. C. ,1 – 1 ,Deportivo Alavés ,Montilivi ,12 de enero ,18:30 ,10.303,Sánchez Martínez ,6,0
2018,19,Villarreal C. F. ,1 – 2 ,Getafe C. F. ,La Cerámica ,12 de enero ,20:45 ,13.671,Estrada Fernández ,8,0
2018,19,Atlético de Madrid ,1 – 0 ,Levante U. D. ,Wanda Metropolitano ,13 de enero ,12:00 ,57.093,Prieto Iglesias ,3,0
2018,19,Athletic Club ,2 – 0 ,Sevilla F. C. ,San Mamés ,13 de enero ,16:15 ,41.342,González Fuertes ,7,0
2018,19,F. C. Barcelona ,3 – 0 ,S. D. Eibar ,Camp Nou ,13 de enero ,18:30 ,71.039,Gil Manzano ,3,0
2018,19,Real Betis ,1 – 2 ,Real Madrid C. F. ,Villamarín ,13 de enero ,20:45 ,54.187,Hernández Hernández ,5,0
2018,19,Real Sociedad ,3 – 2 ,R. C. D. Español ,Anoeta ,14 de enero ,21:00 ,17.266,Del Cerro Grande ,11,0
2018,20,Getafe C. F. ,4 – 0 ,Deportivo Alavés ,Alfonso Pérez ,18 de enero ,21:00 ,8.748,Munuera Montero ,6,0
2018,20,Real Madrid C. F. ,2 – 0 ,Sevilla F. C. ,Bernabéu ,19 de enero ,16:15 ,68.232,Mateu Lahoz ,5,0
2018,20,S. D. Huesca ,0 – 3 ,Atlético de Madrid ,El Alcoraz ,19 de enero ,18:30 ,7.106,Cuadra Fernández ,4,0
2018,20,R. C. Celta de Vigo ,1 – 2 ,Valencia C. F. ,Balaídos ,19 de enero ,20:45 ,15.668,González González ,7,0
2018,20,Real Betis ,3 – 2 ,Girona F. C. ,Villamarín ,20 de enero ,12:00 ,47.218,Alberola Rojas ,6,0
2018,20,Villarreal C. F. ,1 – 1 ,Athletic Club ,La Cerámica ,20 de enero ,16:15 ,17.054,Undiano Mallenco ,5,0
2018,20,Rayo Vallecano ,2 – 2 ,Real Sociedad ,Vallecas ,20 de enero ,18:30 ,12.562,Jaime Latre ,3,0
2018,20,Levante U. D. ,2 – 0 ,Real Valladolid C. F. ,Ciudad de València ,20 de enero ,18:30 ,19.107,Medié Jiménez ,11,0
2018,20,F. C. Barcelona ,3 – 1 ,C. D. Leganés ,Camp Nou ,20 de enero ,20:45 ,50.67,De Burgos Bengoetxea ,6,0
2018,20,S. D. Eibar ,3 – 0 ,R. C. D. Español ,Ipurúa ,21 de enero ,21:00 ,3.592,Martínez Munuera ,6,0
2018,21,Sevilla F. C. ,5 – 0 ,Levante U. D. ,Sánchez Pizjuán ,26 de enero ,13:00 ,34.22,Alberola Rojas ,3,0
2018,21,Atlético de Madrid ,2 – 0 ,Getafe C. F. ,Wanda Metropolitano ,26 de enero ,16:15 ,55.709,Iglesias Villanueva ,9,0
2018,21,C. D. Leganés ,2 – 2 ,S. D. Eibar ,Butarque ,26 de enero ,18:30 ,9.341,Hernández Hernández ,5,0
2018,21,Valencia C. F. ,3 – 0 ,Villarreal C. F. ,Mestalla ,26 de enero ,20:45 ,37.685,Estrada Fernández ,4,0
2018,21,Real Valladolid C. F. ,2 – 1 ,R. C. Celta de Vigo ,José Zorrilla ,27 de enero ,12:00 ,18.416,Sánchez Martínez ,7,0
2018,21,Girona F. C. ,0 – 2 ,F. C. Barcelona ,Montilivi ,27 de enero ,16:15 ,14.021,González Fuertes ,8,0
2018,21,Athletic Club ,1 – 0 ,Real Betis ,San Mamés ,27 de enero ,18:30 ,40.282,Del Cerro Grande ,6,1
2018,21,Real Sociedad ,0 – 0 ,S. D. Huesca ,Anoeta ,27 de enero ,18:30 ,21.252,Prieto Iglesias ,3,0
2018,21,R. C. D. Español ,2 – 4 ,Real Madrid C. F. ,RCDE Stadium ,27 de enero ,20:45 ,20.91,Gil Manzano ,7,1
2018,21,Deportivo Alavés ,0 – 1 ,Rayo Vallecano ,Mendizorroza ,28 de enero ,21:00 ,13.982,Melero López ,7,0
2018,22,S. D. Huesca ,4 – 0 ,Real Valladolid C. F. ,El Alcoraz ,1 de febrero ,21:00 ,6.052,Munuera Montero ,8,0
2018,22,Levante U. D. ,0 – 0 ,Getafe C. F. ,Ciudad de València ,2 de febrero ,13:00 ,18.437,Cordero Vega ,6,0
2018,22,Real Sociedad ,2 – 1 ,Athletic Club ,Anoeta ,2 de febrero ,16:15 ,27.073,Mateu Lahoz ,2,0
2018,22,F. C. Barcelona ,2 – 2 ,Valencia C. F. ,Camp Nou ,2 de febrero ,18:30 ,76.789,Undiano Mallenco ,3,0
2018,22,R. C. Celta de Vigo ,1 – 0 ,Sevilla F. C. ,Balaídos ,2 de febrero ,20:45 ,17.503,De Burgos Bengoetxea ,8,0
2018,22,Villarreal C. F. ,2 – 2 ,R. C. D. Español ,La Cerámica ,3 de febrero ,12:00 ,15.476,Cuadra Fernández ,9,0
2018,22,Real Betis ,1 – 0 ,Atlético de Madrid ,Villamarín ,3 de febrero ,16:15 ,50.864,Medié Jiménez ,7,0
2018,22,S. D. Eibar ,3 – 0 ,Girona F. C. ,Ipurúa ,3 de febrero ,18:30 ,4.419,González González ,3,0
2018,22,Real Madrid C. F. ,3 – 0 ,Deportivo Alavés ,Bernabéu ,3 de febrero ,20:45 ,53.132,Jaime Latre ,3,0
2018,22,Rayo Vallecano ,1 – 2 ,C. D. Leganés ,Vallecas ,4 de febrero ,21:00 ,11.435,Martínez Munuera ,10,1
2018,23,Real Valladolid C. F. ,0 – 0 ,Villarreal C. F. ,José Zorrilla ,8 de febrero ,21:00 ,16.842,Hernández Hernández ,5,0
2018,23,Getafe C. F. ,3 – 1 ,R. C. Celta de Vigo ,Alfonso Pérez ,9 de febrero ,13:00 ,9.918,González Fuertes ,6,0
2018,23,Atlético de Madrid ,1 – 3 ,Real Madrid C. F. ,Wanda Metropolitano ,9 de febrero ,16:15 ,67.752,Estrada Fernández ,10,0
2018,23,R. C. D. Español ,2 – 1 ,Rayo Vallecano ,RCDE Stadium ,9 de febrero ,18:30 ,22.104,Prieto Iglesias ,2,0
2018,23,Girona F. C. ,0 – 2 ,S. D. Huesca ,Montilivi ,9 de febrero ,20:45 ,10.662,Cordero Vega ,4,0
2018,23,C. D. Leganés ,3 – 0 ,Real Betis ,Butarque ,10 de febrero ,12:00 ,11.381,Alberola Rojas ,6,1
2018,23,Valencia C. F. ,0 – 0 ,Real Sociedad ,Mestalla ,10 de febrero ,16:15 ,38.885,Melero López ,6,0
2018,23,Sevilla F. C. ,2 – 2 ,S. D. Eibar ,Sánchez Pizjuán ,10 de febrero ,18:30 ,36.343,Iglesias Villanueva ,6,0
2018,23,Athletic Club ,0 – 0 ,F. C. Barcelona ,San Mamés ,10 de febrero ,20:45 ,47.557,Del Cerro Grande ,6,0
2018,23,Deportivo Alavés ,2 – 0 ,Levante U. D. ,Mendizorroza ,11 de febrero ,21:00 ,13.691,Undiano Mallenco ,5,0
2018,24,S. D. Eibar ,2 – 2 ,Getafe C. F. ,Ipurúa ,15 de febrero ,21:00 ,4.449,Medié Jiménez ,3,0
2018,24,R. C. Celta de Vigo ,1 – 4 ,Levante U. D. ,Balaídos ,16 de febrero ,13:00 ,15.479,Jaime Latre ,2,1
2018,24,Rayo Vallecano ,0 – 1 ,Atlético de Madrid ,Vallecas ,16 de febrero ,16:15 ,13.88,Gil Manzano ,1,0
2018,24,Real Sociedad ,3 – 0 ,C. D. Leganés ,Anoeta ,16 de febrero ,18:30 ,22.997,Munuera Montero ,6,0
2018,24,F. C. Barcelona ,1 – 0 ,Real Valladolid C. F. ,Camp Nou ,16 de febrero ,20:45 ,67.435,Martínez Munuera ,4,0
2018,24,Real Madrid C. F. ,1 – 2 ,Girona F. C. ,Bernabéu ,17 de febrero ,12:00 ,68.099,Cuadra Fernández ,5,0
2018,24,Valencia C. F. ,0 – 0 ,R. C. D. Español ,Mestalla ,17 de febrero ,16:15 ,39.564,De Burgos Bengoetxea ,6,0
2018,24,Villarreal C. F. ,3 – 0 ,Sevilla F. C. ,La Cerámica ,17 de febrero ,18:30 ,17.402,González González ,5,0
2018,24,Real Betis ,1 – 1 ,Deportivo Alavés ,Villamarín ,17 de febrero ,20:45 ,43.455,Mateu Lahoz ,4,0
2018,24,S. D. Huesca ,0 – 1 ,Athletic Club ,El Alcoraz ,18 de febrero ,21:00 ,6.729,Sánchez Martínez ,6,0
2018,25,R. C. D. Español ,1 – 1 ,S. D. Huesca ,RCDE Stadium ,22 de febrero ,21:00 ,20.078,Hernández Hernández ,6,0
2018,25,Getafe C. F. ,2 – 1 ,Rayo Vallecano ,Alfonso Pérez ,23 de febrero ,13:00 ,11.207,Alberola Rojas ,3,0
2018,25,Sevilla F. C. ,2 – 4 ,F. C. Barcelona ,Sánchez Pizjuán ,23 de febrero ,16:15 ,40.661,Mateu Lahoz ,7,0
2018,25,Deportivo Alavés ,0 – 0 ,R. C. Celta de Vigo ,Mendizorroza ,23 de febrero ,18:30 ,18.882,Del Cerro Grande ,4,0
2018,25,Athletic Club ,1 – 0 ,S. D. Eibar ,San Mamés ,23 de febrero ,20:45 ,43.363,Melero López ,7,0
2018,25,C. D. Leganés ,1 – 1 ,Valencia C. F. ,Butarque ,24 de febrero ,12:00 ,11.425,Estrada Fernández ,8,0
2018,25,Atlético de Madrid ,2 – 0 ,Villarreal C. F. ,Wanda Metropolitano ,24 de febrero ,16:15 ,59.114,Undiano Mallenco ,3,0
2018,25,Real Valladolid C. F. ,0 – 2 ,Real Betis ,José Zorrilla ,24 de febrero ,18:30 ,20.125,González Fuertes ,3,0
2018,25,Levante U. D. ,1 – 2 ,Real Madrid C. F. ,Ciudad de València ,24 de febrero ,20:45 ,23.018,Iglesias Villanueva ,8,0
2018,25,Girona F. C. ,0 – 0 ,Real Sociedad ,Montilivi ,25 de febrero ,21:00 ,10.17,Prieto Iglesias ,5,0
2018,26,Rayo Vallecano ,0 – 2 ,Girona F. C. ,Vallecas ,1 de marzo ,21:00 ,12.087,Jaime Latre ,7,1
2018,26,R. C. D. Español ,3 – 1 ,Real Valladolid C. F. ,RCDE Stadium ,2 de marzo ,13:00 ,20.467,Cordero Vega ,4,0
2018,26,Villarreal C. F. ,1 – 2 ,Deportivo Alavés ,La Cerámica ,2 de marzo ,16:15 ,15.488,Munuera Montero ,5,0
2018,26,S. D. Huesca ,2 – 1 ,Sevilla F. C. ,El Alcoraz ,2 de marzo ,18:30 ,6.818,De Burgos Bengoetxea ,9,0
2018,26,Real Madrid C. F. ,0 – 1 ,F. C. Barcelona ,Bernabéu ,2 de marzo ,20:45 ,78.921,Undiano Mallenco ,5,0
2018,26,S. D. Eibar ,1 – 0 ,R. C. Celta de Vigo ,Ipurúa ,3 de marzo ,12:00 ,4.682,Cuadra Fernández ,2,0
2018,26,Real Betis ,1 – 2 ,Getafe C. F. ,Villamarín ,3 de marzo ,16:15 ,46.657,Martínez Munuera ,3,0
2018,26,Real Sociedad ,0 – 2 ,Atlético de Madrid ,Anoeta ,3 de marzo ,18:30 ,26.004,González González ,5,0
2018,26,Valencia C. F. ,2 – 0 ,Athletic Club ,Mestalla ,3 de marzo ,20:45 ,39.041,Medié Jiménez ,3,0
2018,26,C. D. Leganés ,1 – 0 ,Levante U. D. ,Butarque ,4 de marzo ,21:00 ,9.758,Gil Manzano ,10,0
2018,27,Athletic Club ,1 – 1 ,R. C. D. Español ,San Mamés ,8 de marzo ,21:00 ,38.453,González Fuertes ,8,0
2018,27,Deportivo Alavés ,1 – 1 ,S. D. Eibar ,Mendizorroza ,9 de marzo ,13:00 ,18.793,Alberola Rojas ,2,0
2018,27,Atlético de Madrid ,1 – 0 ,C. D. Leganés ,Wanda Metropolitano ,9 de marzo ,16:15 ,58.321,Mateu Lahoz ,4,0
2018,27,F. C. Barcelona ,3 – 1 ,Rayo Vallecano ,Camp Nou ,9 de marzo ,18:30 ,74.158,Melero López ,3,0
2018,27,Getafe C. F. ,2 – 1 ,S. D. Huesca ,Alfonso Pérez ,9 de marzo ,20:45 ,10.882,Prieto Iglesias ,4,0
2018,27,R. C. Celta de Vigo ,0 – 1 ,Real Betis ,Balaídos ,10 de marzo ,12:00 ,18.005,Estrada Fernández ,3,0
2018,27,Girona F. C. ,2 – 3 ,Valencia C. F. ,Montilivi ,10 de marzo ,16:15 ,11.502,Del Cerro Grande ,5,0
2018,27,Levante U. D. ,0 – 2 ,Villarreal C. F. ,Ciudad de València ,10 de marzo ,18:30 ,20.149,Sánchez Martínez ,8,0
2018,27,Sevilla F. C. ,5 – 2 ,Real Sociedad ,Sánchez Pizjuán ,10 de marzo ,18:30 ,35.813,Iglesias Villanueva ,4,0
2018,27,Real Valladolid C. F. ,1 – 4 ,Real Madrid C. F. ,José Zorrilla ,10 de marzo ,20:45 ,21.914,Gil Manzano ,6,0
2018,28,Real Sociedad ,1 – 1 ,Levante U. D. ,Anoeta ,15 de marzo ,21:00 ,20.605,Cordero Vega ,4,0
2018,28,S. D. Huesca ,1 – 3 ,Deportivo Alavés ,El Alcoraz ,16 de marzo ,13:00 ,6.811,Undiano Mallenco ,4,0
2018,28,Real Madrid C. F. ,2 – 0 ,R. C. Celta de Vigo ,Bernabéu ,16 de marzo ,16:15 ,65.054,Martínez Munuera ,1,0
2018,28,Athletic Club ,2 – 0 ,Atlético de Madrid ,San Mamés ,16 de marzo ,18:30 ,39.659,Jaime Latre ,4,0
2018,28,C. D. Leganés ,0 – 2 ,Girona F. C. ,Butarque ,16 de marzo ,20:45 ,9.873,Munuera Montero ,9,0
2018,28,S. D. Eibar ,1 – 2 ,Real Valladolid C. F. ,Ipurúa ,17 de marzo ,12:00 ,4.508,Medié Jiménez ,5,0
2018,28,R. C. D. Español ,0 – 1 ,Sevilla F. C. ,RCDE Stadium ,17 de marzo ,16:15 ,20.219,Cuadra Fernández ,6,0
2018,28,Valencia C. F. ,0 – 0 ,Getafe C. F. ,Mestalla ,17 de marzo ,18:30 ,41.778,Sánchez Martínez ,7,0
2018,28,Villarreal C. F. ,3 – 1 ,Rayo Vallecano ,La Cerámica ,17 de marzo ,18:30 ,17.117,González González ,6,0
2018,28,Real Betis ,1 – 4 ,F. C. Barcelona ,Villamarín ,17 de marzo ,20:45 ,54.172,De Burgos Bengoetxea ,3,0
2018,29,Girona F. C. ,1 – 2 ,Athletic Club ,Montilivi ,29 de marzo ,21:00 ,10.652,Sánchez Martínez ,6,0
2018,29,Getafe C. F. ,0 – 2 ,C. D. Leganés ,Alfonso Pérez ,30 de marzo ,13:00 ,12.705,González Fuertes ,7,0
2018,29,F. C. Barcelona ,2 – 0 ,R. C. D. Español ,Camp Nou ,30 de marzo ,16:15 ,92.795,Del Cerro Grande ,4,0
2018,29,R. C. Celta de Vigo ,3 – 2 ,Villarreal C. F. ,Balaídos ,30 de marzo ,18:30 ,22.315,Gil Manzano ,4,0
2018,29,Deportivo Alavés ,0 – 4 ,Atlético de Madrid ,Mendizorroza ,30 de marzo ,20:45 ,16.665,Melero López ,4,0
2018,29,Levante U. D. ,2 – 2 ,S. D. Eibar ,Ciudad de València ,31 de marzo ,12:00 ,16.179,Prieto Iglesias ,3,0
2018,29,Rayo Vallecano ,1 – 1 ,Real Betis ,Vallecas ,31 de marzo ,14:00 ,12.31,Mateu Lahoz ,8,1
2018,29,Sevilla F. C. ,0 – 1 ,Valencia C. F. ,Sánchez Pizjuán ,31 de marzo ,16:15 ,38.45,González González ,4,0
2018,29,Real Valladolid C. F. ,1 – 1 ,Real Sociedad ,José Zorrilla ,31 de marzo ,18:30 ,18.775,Alberola Rojas ,5,0
2018,29,Real Madrid C. F. ,3 – 2 ,S. D. Huesca ,Bernabéu ,31 de marzo ,20:45 ,49.269,Estrada Fernández ,4,0
2018,30,Atlético de Madrid ,2 – 0 ,Girona F. C. ,Wanda Metropolitano ,2 de abril ,19:30 ,40.863,Iglesias Villanueva ,1,0
2018,30,R. C. D. Español ,1 – 1 ,Getafe C. F. ,RCDE Stadium ,2 de abril ,20:30 ,16.322,De Burgos Bengoetxea ,7,0
2018,30,Villarreal C. F. ,4 – 4 ,F. C. Barcelona ,La Cerámica ,2 de abril ,21:30 ,19.515,Hernández Hernández ,11,0
2018,30,Athletic Club ,3 – 2 ,Levante U. D. ,San Mamés ,3 de abril ,19:30 ,36.45,Munuera Montero ,10,0
2018,30,S. D. Eibar ,2 – 1 ,Rayo Vallecano ,Ipurúa ,3 de abril ,20:30 ,3.94,Undiano Mallenco ,4,0
2018,30,S. D. Huesca ,3 – 3 ,R. C. Celta de Vigo ,El Alcoraz ,3 de abril ,20:30 ,6.552,Cordero Vega ,5,0
2018,30,Valencia C. F. ,2 – 1 ,Real Madrid C. F. ,Mestalla ,3 de abril ,21:30 ,44.274,Jaime Latre ,4,0
2018,30,Sevilla F. C. ,2 – 0 ,Deportivo Alavés ,Sánchez Pizjuán ,4 de abril ,19:30 ,33.212,Martínez Munuera ,7,0
2018,30,C. D. Leganés ,1 – 0 ,Real Valladolid C. F. ,Butarque ,4 de abril ,20:30 ,10.185,Cuadra Fernández ,4,0
2018,30,Real Sociedad ,2 – 1 ,Real Betis ,Anoeta ,4 de abril ,21:30 ,16.417,Medié Jiménez ,5,0
2018,31,Girona F. C. ,1 – 2 ,R. C. D. Español ,Montilivi ,6 de abril ,13:00 ,11.393,Prieto Iglesias ,7,0
2018,31,Real Madrid C. F. ,2 – 1 ,S. D. Eibar ,Bernabéu ,6 de abril ,16:15 ,50.284,González Fuertes ,1,0
2018,31,Rayo Vallecano ,2 – 0 ,Valencia C. F. ,Vallecas ,6 de abril ,18:30 ,11.32,Alberola Rojas ,5,0
2018,31,F. C. Barcelona   ,2 – 0 ,Atlético de Madrid ,Camp Nou ,6 de abril ,20:45 ,92.453,Gil Manzano ,7,1
2018,31,Deportivo Alavés ,1 – 1 ,C. D. Leganés ,Mendizorroza ,7 de abril ,12:00 ,16.783,Mateu Lahoz ,10,0
2018,31,Getafe C. F. ,1 – 0 ,Athletic Club ,Alfonso Pérez ,7 de abril ,14:00 ,11.617,González González ,3,0
2018,31,Real Valladolid C. F. ,0 – 2 ,Sevilla F. C. ,José Zorrilla ,7 de abril ,16:15 ,17.989,Sánchez Martínez ,6,0
2018,31,Levante U. D. ,2 – 2,S. D. Huesca ,Ciudad de València ,7 de abril ,18:30 ,19.824,Del Cerro Grande ,6,0
2018,31,R. C. Celta de Vigo ,3 – 1 ,Real Sociedad ,Balaídos ,7 de abril ,18:30 ,20.519,Melero López ,3,1
2018,31,Real Betis ,2 – 1 ,Villarreal C. F. ,Villamarín ,7 de abril ,20:45 ,28.475,Estrada Fernández ,8,0
2018,32,R. C. D. Español ,2 – 1 ,Deportivo Alavés ,RCDE Stadium ,13 de abril ,13:00 ,18.143,Iglesias Villanueva ,5,0
2018,32,S. D. Huesca ,0 – 0 ,F. C. Barcelona ,El Alcoraz ,13 de abril ,16:15 ,7.332,Cuadra Fernández ,3,0
2018,32,Atlético de Madrid ,2 – 0 ,R. C. Celta de Vigo ,Wanda Metropolitano ,13 de abril ,18:30 ,55.269,De Burgos Bengoetxea ,4,0
2018,32,Sevilla F. C. ,3 – 2 ,Real Betis ,Sánchez Pizjuán ,13 de abril ,20:45 ,42.885,Hernández Hernández ,9,0
2018,32,Real Valladolid C. F. ,2 – 2 ,Getafe C. F. ,José Zorrilla ,14 de abril ,12:00 ,16.909,Munuera Montero ,8,0
2018,32,Athletic Club ,3 – 2 ,Rayo Vallecano ,San Mamés ,14 de abril ,14:00 ,38.732,Martínez Munuera ,4,0
2018,32,Real Sociedad ,1 – 1 ,S. D. Eibar ,Anoeta ,14 de abril ,16:15 ,24.308,Jaime Latre ,4,0
2018,32,Girona F. C. ,0 – 1 ,Villarreal C. F. ,Montilivi ,14 de abril ,18:30 ,11.535,Cordero Vega ,7,0
2018,32,Valencia C. F. ,3 – 1 ,Levante U. D. ,Mestalla ,14 de abril ,20:45 ,42.12,Undiano Mallenco ,4,0
2018,32,C. D. Leganés ,1 – 1 ,Real Madrid C. F. ,Butarque ,15 de abril ,21:00 ,12.118,Medié Jiménez ,3,0
2018,33,Deportivo Alavés ,2 – 2 ,Real Valladolid C. F. ,Mendizorroza ,19 de abril ,21:00 ,13.568,Estrada Fernández ,8,0
2018,33,R. C. Celta de Vigo ,2 – 1 ,Girona F. C. ,Balaídos ,20 de abril ,13:00 ,20.546,Del Cerro Grande ,3,0
2018,33,S. D. Eibar ,0 – 1 ,Atlético de Madrid   ,Ipurúa ,20 de abril ,16:15 ,4.75,Alberola Rojas ,4,0
2018,33,Rayo Vallecano ,0 – 0 ,S. D. Huesca ,Vallecas ,20 de abril ,18:30 ,10.542,González González ,6,0
2018,33,F. C. Barcelona ,2 – 1 ,Real Sociedad ,Camp Nou ,20 de abril ,20:45 ,75.47,González Fuertes ,1,0
2018,33,Levante U. D. ,2 – 2 ,R. C. D. Español ,Ciudad de València ,21 de abril ,12:00 ,16.876,Gil Manzano ,5,0
2018,33,Getafe C. F. ,3 – 0 ,Sevilla F. C. ,Alfonso Pérez ,21 de abril ,14:00 ,11.495,Mateu Lahoz ,9,1
2018,33,Real Madrid C. F. ,3 – 0 ,Athletic Club ,Bernabéu ,21 de abril ,16:15 ,59.815,Melero López ,6,0
2018,33,Villarreal C. F. ,2 – 1 ,C. D. Leganés ,La Cerámica ,21 de abril ,18:30 ,14.753,Prieto Iglesias ,3,0
2018,33,Real Betis ,1 – 2 ,Valencia C. F. ,Villamarín ,21 de abril ,20:45 ,42.508,Sánchez Martínez ,6,0
2018,34,S. D. Huesca ,2 – 0 ,S. D. Eibar ,El Alcoraz ,23 de abril ,19:30 ,6.157,Medié Jiménez ,5,0
2018,34,Real Valladolid C. F. ,1 – 0 ,Girona F. C. ,José Zorrilla ,23 de abril ,20:30 ,19.106,Martínez Munuera ,7,0
2018,34,Deportivo Alavés ,0 – 2 ,F. C. Barcelona ,Mendizorroza ,23 de abril ,21:30 ,18.735,Cordero Vega ,4,0
2018,34,Atlético de Madrid ,3 – 2 ,Valencia C. F. ,Wanda Metropolitano ,24 de abril ,19:30 ,43.531,Hernández Hernández ,6,0
2018,34,R. C. D. Español ,1 – 1 ,R. C. Celta de Vigo ,RCDE Stadium ,24 de abril ,20:30 ,15.68,Undiano Mallenco ,3,0
2018,34,C. D. Leganés ,0 – 1 ,Athletic Club ,Butarque ,24 de abril ,20:30 ,4.155,Iglesias Villanueva ,2,0
2018,34,Levante U. D. ,4 – 0 ,Real Betis ,Ciudad de València ,24 de abril ,21:30 ,20.394,Jaime Latre ,5,0
2018,34,Sevilla F. C. ,5 – 0 ,Rayo Vallecano ,Sánchez Pizjuán ,25 de abril ,19:30 ,32.636,Cuadra Fernández ,3,0
2018,34,Real Sociedad ,0 – 1 ,Villarreal C. F. ,Anoeta ,25 de abril ,20:30 ,20.06,Munuera Montero ,5,0
2018,34,Getafe C. F. ,0 – 0 ,Real Madrid C. F. ,Alfonso Pérez ,25 de abril ,21:30 ,13.135,De Burgos Bengoetxea ,4,0
2018,35,Athletic Club ,1 – 1 ,Deportivo Alavés ,San Mamés ,27 de abril ,13:00 ,40.402,Gil Manzano ,4,0
2018,35,Atlético de Madrid ,1 – 0 ,Real Valladolid C. F. ,Wanda Metropolitano ,27 de abril ,16:15 ,53.123,Melero López ,4,0
2018,35,C. D. Leganés ,0 – 0 ,R. C. Celta de Vigo ,Butarque ,27 de abril ,18:30 ,10.324,Martínez Munuera ,1,0
2018,35,F. C. Barcelona (C) ,1 – 0 ,Levante U. D. ,Camp Nou ,27 de abril ,20:45 ,91.917,De Burgos Bengoetxea ,7,0
2018,35,Valencia C. F. ,0 – 1 ,S. D. Eibar ,Mestalla ,28 de abril ,12:00 ,35.393,Estrada Fernández ,5,0
2018,35,Girona F. C. ,1 – 0 ,Sevilla F. C. ,Montilivi ,28 de abril ,14:00 ,11.281,González González ,3,1
2018,35,Real Sociedad ,2 – 1 ,Getafe C. F. ,Anoeta ,28 de abril ,16:15 ,19.386,Prieto Iglesias ,5,0
2018,35,Villarreal C. F. ,1 – 1 ,S. D. Huesca ,La Cerámica ,28 de abril ,18:30 ,17.901,Sánchez Martínez ,7,1
2018,35,Rayo Vallecano ,1 – 0 ,Real Madrid C. F.   ,Vallecas ,28 de abril ,20:45 ,13.273,González Fuertes ,7,0
2018,35,Real Betis ,1 – 1 ,R. C. D. Español ,Villamarín ,29 de abril ,21:00 ,30.561,Del Cerro Grande ,5,0
2018,36,Sevilla F. C. ,0 – 3 ,C. D. Leganés ,Sánchez Pizjuán ,3 de mayo ,21:00 ,32.797,Undiano Mallenco ,2,0
2018,36,Levante U. D. ,4 – 1 ,Rayo Vallecano   ,Ciudad de València ,4 de mayo ,13:00 ,19.868,Estrada Fernández ,5,0
2018,36,R. C. D. Español ,3 – 0 ,Atlético de Madrid ,RCDE Stadium ,4 de mayo ,16:15 ,20.207,Munuera Montero ,3,0
2018,36,Deportivo Alavés ,0 – 1 ,Real Sociedad ,Mendizorroza ,4 de mayo ,18:30 ,18.509,Alberola Rojas ,4,0
2018,36,R. C. Celta de Vigo ,2 – 0 ,F. C. Barcelona ,Balaídos ,4 de mayo ,20:45 ,22.519,Sánchez Martínez ,6,0
2018,36,Getafe C. F. ,2 – 0 ,Girona F. C. ,Alfonso Pérez ,5 de mayo ,12:00 ,10.615,Hernández Hernández ,6,1
2018,36,S. D. Eibar ,1 – 0 ,Real Betis ,Ipurúa ,5 de mayo ,14:00 ,4.725,Iglesias Villanueva ,5,0
2018,36,Real Madrid C. F. ,3 – 2 ,Villarreal C. F. ,Bernabéu ,5 de mayo ,16:15 ,46.294,Gil Manzano ,3,0
2018,36,Real Valladolid C. F. ,1 – 0 ,Athletic Club ,José Zorrilla ,5 de mayo ,18:30 ,22.151,Mateu Lahoz ,9,0
2018,36,S. D. Huesca   ,2 – 6 ,Valencia C. F. ,El Alcoraz ,5 de mayo ,20:45 ,6.378,Del Cerro Grande ,3,0
2018,37,Athletic Club ,3 – 1 ,R. C. Celta de Vigo ,San Mamés ,12 de mayo ,18:30 ,42.494,Estrada Fernández ,7,0
2018,37,Atlético de Madrid ,1 – 1 ,Sevilla F. C. ,Wanda Metropolitano ,12 de mayo ,18:30 ,60.234,De Burgos Bengoetxea ,9,0
2018,37,F. C. Barcelona ,2 – 0 ,Getafe C. F. ,Camp Nou ,12 de mayo ,18:30 ,57.088,González González ,4,0
2018,37,Real Betis ,2 – 1 ,S. D. Huesca ,Villamarín ,12 de mayo ,18:30 ,28.078,Cordero Vega ,8,1
2018,37,Girona F. C. ,1 – 2 ,Levante U. D. ,Montilivi ,12 de mayo ,18:30 ,13.342,Del Cerro Grande ,5,0
2018,37,Rayo Vallecano ,1 – 2 ,Real Valladolid C. F. ,Vallecas ,12 de mayo ,18:30 ,10.04,Sánchez Martínez ,4,0
2018,37,Valencia C. F. ,3 – 1 ,Deportivo Alavés ,Mestalla ,12 de mayo ,18:30 ,37.744,Cuadra Fernández ,7,0
2018,37,Villarreal C. F. ,1 – 0 ,S. D. Eibar ,La Cerámica ,12 de mayo ,18:30 ,17.901,González Fuertes ,5,0
2018,37,C. D. Leganés ,0 – 2 ,R. C. D. Español ,Butarque ,12 de mayo ,18:30 ,10.597,Melero López ,5,0
2018,37,Real Sociedad ,3 – 1 ,Real Madrid C. F. ,Anoeta ,12 de mayo ,18:30 ,27.322,Martínez Munuera ,3,1
2018,38,Levante U. D. ,2 – 2 ,Atlético de Madrid ,Ciudad de València ,18 de mayo ,13:00 ,20.575,Iglesias Villanueva ,1,1
2018,38,R. C. D. Español    ,2 – 0 ,Real Sociedad ,RCDE Stadium ,18 de mayo ,16:15 ,26.568,Jaime Latre ,4,0
2018,38,Getafe C. F.   ,2 – 2 ,Villarreal C. F. ,Alfonso Pérez ,18 de mayo ,16:15 ,13.579,Estrada Fernández ,5,0
2018,38,Sevilla F. C.    ,2 – 0 ,Athletic Club ,Sánchez Pizjuán ,18 de mayo ,16:15 ,28.06,Sánchez Martínez ,6,0
2018,38,Real Valladolid C. F. ,0 – 2 ,Valencia C. F.    ,José Zorrilla ,18 de mayo ,16:15 ,23.455,De Burgos Bengoetxea ,4,0
2018,38,Deportivo Alavés ,2 – 1 ,Girona F. C.   ,Mendizorroza ,18 de mayo ,20:45 ,11.549,Melero López ,6,0
2018,38,R. C. Celta de Vigo ,2 – 2 ,Rayo Vallecano ,Balaídos ,18 de mayo ,20:45 ,21.607,Mateu Lahoz ,4,0
2018,38,S. D. Huesca ,2 – 1 ,C. D. Leganés ,El Alcoraz ,18 de mayo ,20:45 ,5.575,Alberola Rojas ,1,0
2018,38,Real Madrid C. F. ,0 – 2 ,Real Betis ,Bernabéu ,19 de mayo ,12:00 ,56.9,Undiano Mallenco ,5,0
2018,38,S. D. Eibar ,2 – 2 ,F. C. Barcelona ,Ipurúa ,19 de mayo ,16:15 ,5.145,Munuera Montero ,6,0
2017,1,C. D. Leganés ,1 – 0 ,Deportivo Alavés ,Butarque ,18 de agosto ,20:15 ,9.231,Munuera Montero ,1,0
2017,1,Valencia C. F. ,1 – 0 ,U. D. Las Palmas ,Mestalla ,18 de agosto ,22:15 ,36.019,Gil Manzano ,6,1
2017,1,R. C. Celta de Vigo ,2 – 3 ,Real Sociedad ,Balaídos ,19 de agosto ,18:15 ,16.207,Mateu Lahoz ,4,0
2017,1,Girona F. C. ,2 – 2 ,Atlético de Madrid ,Montilivi ,19 de agosto ,20:15 ,11.342,Martínez Munuera ,6,1
2017,1,Sevilla F. C. ,1 – 1 ,R. C. D. Español ,Sánchez Pizjuán ,19 de agosto ,22:15 ,30.506,Hernández Hernández ,6,1
2017,1,Athletic Club ,0 – 0 ,Getafe C. F. ,San Mamés ,20 de agosto ,18:15 ,38.11,Melero López ,4,1
2017,1,F. C. Barcelona ,2 – 0 ,Real Betis ,Camp Nou ,20 de agosto ,20:15 ,54.56,Trujillo Suárez ,3,0
2017,1,R. C. Deportivo de La Coruña ,0 – 3 ,Real Madrid C. F. ,Abanca Riazor ,20 de agosto ,22:15 ,27.801,González González ,6,1
2017,1,Levante U. D. ,1 – 0 ,Villarreal C. F. ,Ciudad de València ,21 de agosto ,20:15 ,12.942,Álvarez Izquierdo ,4,0
2017,1,Málaga C. F. ,0 – 1 ,S. D. Eibar ,La Rosaleda ,21 de agosto ,22:00 ,24.838,Medié Jiménez ,5,0
2017,2,Real Sociedad ,3 – 0 ,Villarreal C. F. ,Anoeta ,25 de agosto ,20:15 ,19.792,Estrada Fernández ,4,0
2017,2,Real Betis ,2 – 1 ,R. C. Celta de Vigo ,Villamarín ,25 de agosto ,22:00 ,43.801,De Burgos Bengoetxea ,4,0
2017,2,Deportivo Alavés ,0 – 2 ,F. C. Barcelona ,Mendizorroza ,26 de agosto ,18:15 ,14.932,Del Cerro Grande ,5,0
2017,2,Girona F. C. ,1 – 0 ,Málaga C. F. ,Montilivi ,26 de agosto ,20:15 ,9.748,Jaime Latre ,7,0
2017,2,Levante U. D. ,2 – 2 ,R. C. Deportivo de La Coruña ,Ciudad de València ,26 de agosto ,20:15 ,16.345,Alberola Rojas ,4,0
2017,2,U. D. Las Palmas ,1 – 5 ,Atlético de Madrid ,Gran Canaria ,26 de agosto ,22:15 ,20.31,Iglesias Villanueva ,5,0
2017,2,S. D. Eibar ,0 – 1 ,Athletic Club ,Ipurúa ,27 de agosto ,18:15 ,5.948,Sánchez Martínez ,4,0
2017,2,R. C. D. Español ,0 – 1 ,C. D. Leganés ,RCDE Stadium ,27 de agosto ,18:15 ,17.895,González Fuertes ,6,0
2017,2,Getafe C. F. ,0 – 1 ,Sevilla F. C. ,Alfonso Pérez ,27 de agosto ,20:15 ,9.427,Undiano Mallenco ,1,0
2017,2,Real Madrid C. F. ,2 – 2 ,Valencia C. F. ,Bernabéu ,27 de agosto ,22:15 ,61.739,Fernández Borbalán ,8,0
2017,3,C. D. Leganés ,1 – 2 ,Getafe C. F. ,Butarque ,8 de septiembre ,21:00 ,11.454,Álvarez Izquierdo ,3,0
2017,3,Real Madrid C. F. ,1 – 1 ,Levante U. D. ,Bernabéu ,9 de septiembre ,13:00 ,67.789,Hernández Hernández ,5,1
2017,3,Valencia C. F. ,0 – 0 ,Atlético de Madrid ,Mestalla ,9 de septiembre ,16:15 ,43.859,González González ,1,0
2017,3,Sevilla F. C. ,3 – 0 ,S. D. Eibar ,Sánchez Pizjuán ,9 de septiembre ,18:30 ,32.469,Mateu Lahoz ,2,0
2017,3,F. C. Barcelona ,5 – 0 ,R. C. D. Español ,Camp Nou ,9 de septiembre ,20:45 ,72.857,Gil Manzano ,6,0
2017,3,R. C. Deportivo de La Coruña ,2 – 4 ,Real Sociedad ,Abanca Riazor ,10 de septiembre ,12:00 ,21.942,Munuera Montero ,4,0
2017,3,Athletic Club ,2 – 0 ,Girona F. C. ,San Mamés ,10 de septiembre ,16:15 ,39.952,Trujillo Suárez ,10,0
2017,3,R. C. Celta de Vigo ,1 – 0 ,Deportivo Alavés ,Balaídos ,10 de septiembre ,18:30 ,6.133,Melero López ,8,0
2017,3,Villarreal C. F. ,3 – 1 ,Real Betis ,La Cerámica ,10 de septiembre ,20:45 ,18.638,Medié Jiménez ,3,0
2017,3,Málaga C. F. ,1 – 3 ,U. D. Las Palmas ,La Rosaleda ,11 de septiembre ,21:00 ,22.697,Estrada Fernández ,6,0
2017,4,S. D. Eibar ,1 – 0 ,C. D. Leganés ,Ipurúa ,15 de septiembre ,21:00 ,4.967,Martínez Munuera ,7,0
2017,4,Levante U. D. ,1 – 1 ,Valencia C. F. ,Ciudad de València ,16 de septiembre ,13:00 ,21.77,Del Cerro Grande ,3,0
2017,4,Getafe C. F. ,1 – 2 ,F. C. Barcelona ,Alfonso Pérez ,16 de septiembre ,16:15 ,14.922,Fernández Borbalán ,6,0
2017,4,Real Betis ,2 – 1 ,R. C. Deportivo de La Coruña ,Villamarín ,16 de septiembre ,18:30 ,46.267,Undiano Mallenco ,5,0
2017,4,Atlético de Madrid ,1 – 0 ,Málaga C. F. ,Wanda Metropolitano ,16 de septiembre ,20:45 ,62.906,Sánchez Martínez ,5,0
2017,4,Deportivo Alavés ,0 – 3 ,Villarreal C. F. ,Mendizorroza ,17 de septiembre ,12:00 ,13.887,Jaime Latre ,4,0
2017,4,Girona F. C. ,0 – 1 ,Sevilla F. C. ,Montilivi ,17 de septiembre ,16:15 ,10.872,De Burgos Bengoetxea ,7,0
2017,4,U. D. Las Palmas ,1 – 0 ,Athletic Club ,Gran Canaria ,17 de septiembre ,18:30 ,19.149,González Fuertes ,5,0
2017,4,Real Sociedad ,1 – 3 ,Real Madrid C. F. ,Anoeta ,17 de septiembre ,20:45 ,24.675,Iglesias Villanueva ,5,0
2017,4,R. C. D. Español ,2 – 1 ,R. C. Celta de Vigo ,RCDE Stadium ,18 de septiembre ,21:00 ,14.853,Alberola Rojas ,5,0
2017,5,Valencia C. F. ,5 – 0 ,Málaga C. F. ,Mestalla ,19 de septiembre ,20:00 ,36.215,Álvarez Izquierdo ,1,0
2017,5,F. C. Barcelona ,6 – 1 ,S. D. Eibar ,Camp Nou ,19 de septiembre ,22:00 ,51.645,Hernández Hernández ,2,0
2017,5,Athletic Club ,1 – 2 ,Atlético de Madrid ,San Mamés ,20 de septiembre ,20:00 ,43.381,Estrada Fernández ,2,0
2017,5,C. D. Leganés ,0 – 0 ,Girona F. C. ,Butarque ,20 de septiembre ,20:00 ,9.781,Melero López ,5,0
2017,5,R. C. Deportivo de La Coruña ,1 – 0 ,Deportivo Alavés ,Abanca Riazor ,20 de septiembre ,21:00 ,15.518,Medié Jiménez ,2,0
2017,5,Sevilla F. C. ,1 – 0 ,U. D. Las Palmas ,Sánchez Pizjuán ,20 de septiembre ,22:00 ,35.317,González González ,4,0
2017,5,Real Madrid C. F. ,0 – 1 ,Real Betis ,Bernabéu ,20 de septiembre ,22:00 ,65.102,Mateu Lahoz ,3,0
2017,5,Villarreal C. F. ,0 – 0 ,R. C. D. Español ,La Cerámica ,21 de septiembre ,20:00 ,17.094,Munuera Montero ,7,0
2017,5,R. C. Celta de Vigo ,1 – 1 ,Getafe C. F. ,Balaídos ,21 de septiembre ,21:00 ,15.068,Trujillo Suárez ,6,0
2017,5,Levante U. D. ,3 – 0 ,Real Sociedad ,Ciudad de València ,21 de septiembre ,22:00 ,17.632,Gil Manzano ,3,0
2017,6,Atlético de Madrid ,2 – 0 ,Sevilla F. C. ,Wanda Metropolitano ,23 de septiembre ,13:00 ,60.823,Martínez Munuera ,7,0
2017,6,Deportivo Alavés ,1 – 2 ,Real Madrid C. F. ,Mendizorroza ,23 de septiembre ,16:15 ,19.559,Undiano Mallenco ,7,0
2017,6,Málaga C. F. ,3 – 3 ,Athletic Club ,La Rosaleda ,23 de septiembre ,18:30 ,23.423,Del Cerro Grande ,8,0
2017,6,Girona F. C. ,0 – 3 ,F. C. Barcelona ,Montilivi ,23 de septiembre ,20:45 ,13.305,Sánchez Martínez ,3,0
2017,6,R. C. D. Español ,4 – 1 ,R. C. Deportivo de La Coruña ,RCDE Stadium ,24 de septiembre ,12:00 ,19.585,De Burgos Bengoetxea ,3,0
2017,6,Getafe C. F. ,4 – 0 ,Villarreal C. F. ,Alfonso Pérez ,24 de septiembre ,16:15 ,10.874,Iglesias Villanueva ,5,0
2017,6,U. D. Las Palmas ,0 – 2 ,C. D. Leganés ,Gran Canaria ,24 de septiembre ,18:30 ,17.56,Alberola Rojas ,4,0
2017,6,S. D. Eibar ,0 – 4 ,R. C. Celta de Vigo ,Ipurúa ,24 de septiembre ,18:30 ,5.345,Fernández Borbalán ,3,0
2017,6,Real Sociedad ,2 – 3 ,Valencia C. F. ,Anoeta ,24 de septiembre ,20:45 ,20.266,Jaime Latre ,8,0
2017,6,Real Betis ,4 – 0 ,Levante U. D. ,Villamarín ,25 de septiembre ,21:00 ,48.237,González Fuertes ,1,0
2017,7,R. C. Celta de Vigo ,3 – 3 ,Girona F. C. ,Balaídos ,29 de septiembre ,21:00 ,16.126,González Fuertes ,7,0
2017,7,R. C. Deportivo de La Coruña ,2 – 1 ,Getafe C. F. ,Abanca Riazor ,30 de septiembre ,13:00 ,19.329,Estrada Fernández ,9,0
2017,7,Sevilla F. C. ,2 – 0 ,Málaga C. F. ,Sánchez Pizjuán ,30 de septiembre ,16:15 ,34.43,Trujillo Suárez ,3,0
2017,7,Levante U. D. ,0 – 2 ,Deportivo Alavés ,Ciudad de Valencia ,30 de septiembre ,18:30 ,18.528,Fernández Borbalán ,6,0
2017,7,C. D. Leganés ,0 – 0 ,Atlético de Madrid ,Butarque ,30 de septiembre ,20:45 ,11.454,Gil Manzano ,3,0
2017,7,Real Sociedad ,4 – 4 ,Real Betis ,Anoeta ,1 de octubre ,12:00 ,19.669,Álvarez Izquierdo ,6,0
2017,7,F. C. Barcelona ,3 – 0 ,U. D. Las Palmas ,Camp Nou ,1 de octubre ,16:15 ,0,Munuera Montero ,6,0
2017,7,Valencia C. F. ,3 – 2 ,Athletic Club ,Mestalla ,1 de octubre ,18:30 ,42.07,Hernández Hernández ,7,0
2017,7,Villarreal C. F. ,3 – 0 ,S. D. Eibar ,La Cerámica ,1 de octubre ,18:30 ,17.09,Melero López ,3,0
2017,7,Real Madrid C. F. ,2 – 0 ,R. C. D. Español ,Bernabéu ,1 de octubre ,20:45 ,71.205,González González ,4,0
2017,8,R. C. D. Español ,0 – 0 ,Levante U. D. ,RCDE Stadium ,13 de octubre ,21:00 ,19.365,Undiano Mallenco ,5,0
2017,8,Athletic Club ,1 – 0 ,Sevilla F. C. ,San Mamés ,14 de octubre ,13:00 ,40.197,Iglesias Villanueva ,9,0
2017,8,Getafe C. F. ,1 – 2 ,Real Madrid C. F. ,Alfonso Pérez ,14 de octubre ,16:15 ,15.35,Martínez Munuera ,5,0
2017,8,Deportivo Alavés ,0 – 2 ,Real Sociedad ,Mendizorroza ,14 de octubre ,18:30 ,19.84,Alberola Rojas ,2,0
2017,8,Atlético de Madrid ,1 – 1 ,F. C. Barcelona ,Wanda Metropolitano ,14 de octubre ,20:45 ,64.393,Mateu Lahoz ,5,0
2017,8,S. D. Eibar ,0 – 0 ,R. C. Deportivo de La Coruña ,Ipurúa ,15 de octubre ,12:00 ,5.125,Jaime Latre ,4,0
2017,8,Girona F. C. ,1 – 2 ,Villarreal C. F. ,Montilivi ,15 de octubre ,16:15 ,9.935,Del Cerro Grande ,7,0
2017,8,Málaga C. F. ,0 – 2 ,C. D. Leganés ,La Rosaleda ,15 de octubre ,18:30 ,23.951,González González ,6,0
2017,8,Real Betis ,3 – 6 ,Valencia C. F. ,Villamarín ,15 de octubre ,20:45 ,48.792,Sánchez Martínez ,5,0
2017,8,U. D. Las Palmas ,2 – 5 ,R. C. Celta de Vigo ,Gran Canaria ,16 de octubre ,21:00 ,15.799,Medié Jiménez ,3,1
2017,9,Levante U. D. ,1 – 1 ,Getafe C. F. ,Ciudad de Valencia ,21 de octubre ,13:00 ,18.064,De Burgos Bengoetxea ,4,0
2017,9,Real Betis ,2 – 0 ,Deportivo Alavés ,Villamarín ,21 de octubre ,16:15 ,49.243,Trujillo Suárez ,4,0
2017,9,Valencia C. F. ,4 – 0 ,Sevilla F. C. ,Mestalla ,21 de octubre ,18:30 ,44.307,Estrada Fernández ,6,0
2017,9,F. C. Barcelona ,2 – 0 ,Málaga C. F. ,Camp Nou ,21 de octubre ,20:45 ,74.397,González Fuertes ,5,0
2017,9,Villarreal C. F. ,4 – 0 ,U. D. Las Palmas ,La Cerámica ,22 de octubre ,12:00 ,16.606,Fernández Borbalán ,6,0
2017,9,R. C. Celta de Vigo ,0 – 1 ,Atlético de Madrid ,Balaídos ,22 de octubre ,16:15 ,12.978,Munuera Montero ,8,0
2017,9,C. D. Leganés ,1 – 0 ,Athletic Club ,Butarque ,22 de octubre ,18:30 ,11.454,Mateu Lahoz ,7,0
2017,9,Real Madrid C. F. ,3 – 0 ,S. D. Eibar ,Bernabéu ,22 de octubre ,20:45 ,66.781,Álvarez Izquierdo ,2,0
2017,9,Real Sociedad ,1 – 1 ,R. C. D. Español ,Anoeta ,23 de octubre ,20:00 ,18.515,Melero López ,8,0
2017,9,R. C. Deportivo de La Coruña ,1 – 2 ,Girona F. C. ,Abanca Riazor ,23 de octubre ,21:00 ,17.463,Gil Manzano ,11,0
2017,10,Deportivo Alavés ,1 – 2 ,Valencia C. F. ,Mendizorroza ,28 de octubre ,13:00 ,18.638,González González ,6,0
2017,10,Atlético de Madrid ,1 – 1 ,Villarreal C. F. ,Wanda Metropolitano ,28 de octubre ,18:30 ,61.421,Undiano Mallenco ,4,0
2017,10,Athletic Club ,0 – 2 ,F. C. Barcelona ,San Mamés ,28 de octubre ,20:45 ,43.57,Martínez Munuera ,5,0
2017,10,Sevilla F. C. ,2 – 1 ,C. D. Leganés ,Sánchez Pizjuán ,28 de octubre ,22:30 ,32.097,Medié Jiménez ,3,0
2017,10,Getafe C. F. ,2 – 1 ,Real Sociedad ,Alfonso Pérez ,29 de octubre ,12:00 ,11.01,Sánchez Martínez ,5,0
2017,10,Girona F. C. ,2 – 1 ,Real Madrid ,Montilivi ,29 de octubre ,16:15 ,13.382,Hernández Hernández ,3,0
2017,10,S. D. Eibar ,2 – 2 ,Levante U. D. ,Ipurúa ,29 de octubre ,18:30 ,5.131,Alberola Rojas ,4,0
2017,10,Málaga C. F. ,2 – 1 ,R. C. Celta de Vigo ,La Rosaleda ,29 de octubre ,20:45 ,19.541,Jaime Latre ,5,0
2017,10,U. D. Las Palmas ,1 – 3 ,R. C. Deportivo de La Coruña ,Gran Canaria ,30 de octubre ,21:00 ,14.805,Del Cerro Grande ,2,0
2017,10,R. C. D. Español ,1 – 0 ,Real Betis ,RCDE Stadium ,30 de octubre ,21:00 ,17.856,Iglesias Villanueva ,7,0
2017,11,Real Betis ,2 – 2 ,Getafe C. F. ,Villamarín ,3 de noviembre ,21:00 ,42.323,Mateu Lahoz ,8,0
2017,11,Valencia C. F. ,3 – 0 ,C. D. Léganés ,Mestalla ,4 de noviembre ,13:00 ,39.694,De Burgos Bengoetxea ,3,0
2017,11,R. C. Deportivo de La Coruña ,0 – 1 ,Atlético de Madrid ,Abanca Riazor ,4 de noviembre ,16:15 ,22.733,Álvarez Izquierdo ,6,0
2017,11,Deportivo Alavés ,1 – 0 ,R. C. D. Español ,Mendizorroza ,4 de noviembre ,18:30 ,19.368,González Fuertes ,9,0
2017,11,F. C. Barcelona ,2 – 1 ,Sevilla F. C. ,Camp Nou ,4 de noviembre ,20:45 ,70.723,González González ,1,0
2017,11,Levante U. D. ,1 – 2 ,Girona F. C. ,Ciudad de València ,5 de noviembre ,12:00 ,18.324,Munuera Montero ,7,0
2017,11,R. C. Celta de Vigo ,3 – 1 ,Athletic Club ,Balaídos ,5 de noviembre ,16:15 ,19.779,Gil Manzano ,5,0
2017,11,Villarreal C. F. ,2 – 0 ,Málaga C. F. ,La Cerámica ,5 de noviembre ,18:30 ,17.755,Estrada Fernández ,6,0
2017,11,Real Sociedad ,3 – 1 ,S. D. Eibar ,Anoeta ,5 de noviembre ,18:30 ,20.387,Trujillo Suárez ,3,0
2017,11,Real Madrid C. F. ,3 – 0 ,U. D. Las Palmas ,Bernabéu ,5 de noviembre ,20:45 ,67.12,Sánchez Martínez ,3,0
2017,12,Girona F. C. ,1 – 1 ,Real Sociedad ,Montilivi ,17 de noviembre ,21:00 ,10.136,Iglesias Villanueva ,6,0
2017,12,Getafe C. F. ,4 – 1 ,Deportivo Alavés ,Alfonso Pérez ,18 de noviembre ,13:00 ,10.014,Jaime Latre ,6,0
2017,12,C. D. Leganés ,0 – 3 ,F. C. Barcelona ,Butarque ,18 de noviembre ,16:15 ,11.454,Undiano Mallenco ,3,0
2017,12,Sevilla F. C. ,2 – 1 ,R. C. Celta de Vigo ,Sánchez Pizjuán ,18 de noviembre ,18:30 ,35.03,Del Cerro Grande ,5,0
2017,12,Atlético de Madrid ,0 – 0 ,Real Madrid C. F. ,Wanda Metropolitano ,18 de noviembre ,20:45 ,66.496,Fernández Borbalán ,8,0
2017,12,Málaga C. F. ,3 – 2 ,R. C. Deportivo de La Coruña ,La Rosaleda ,19 de noviembre ,12:00 ,24.563,Martínez Munuera ,9,0
2017,12,R. C. D. Español ,0 – 2 ,Valencia C. F. ,RCDE Stadium ,19 de noviembre ,16:15 ,25.529,Hernández Hernández ,4,0
2017,12,U. D. Las Palmas ,0 – 2 ,Levante U. D. ,Gran Canaria ,19 de noviembre ,18:30 ,26.212,Melero López ,5,0
2017,12,Athletic Club ,1 – 1 ,Villarreal C. F. ,San Mamés ,19 de noviembre ,20:45 ,36.666,Medié Jiménez ,4,0
2017,12,S. D. Eibar ,5 – 0 ,Real Betis ,Ipurúa ,20 de noviembre ,21:00 ,4.638,González González ,4,1
2017,13,R. C. Celta de Vigo ,1 – 0 ,C. D. Leganés ,Balaídos ,24 de noviembre ,21:00 ,10.611,Hernández Hernández ,5,0
2017,13,Deportivo Alavés ,1 – 2 ,S. D. Eibar ,Mendizorroza ,25 de noviembre ,13:00 ,19.272,Munuera Montero ,9,1
2017,13,Real Madrid C. F. ,3 – 2 ,Málaga C. F. ,Bernabéu ,25 de noviembre ,16:15 ,75.671,Gil Manzano ,3,0
2017,13,Real Betis ,2 – 2 ,Girona F. C. ,Villamarín ,25 de noviembre ,18:30 ,45.681,Del Cerro Grande ,3,0
2017,13,Levante U. D. ,0 – 5 ,Atlético de Madrid ,Ciudad de València ,25 de noviembre ,20:45 ,21.549,Trujillo Suárez ,3,0
2017,13,R. C. Deportivo de La Coruña ,2 – 2 ,Athletic Club ,Abanca Riazor ,26 de noviembre ,12:00 ,30.879,González González ,5,0
2017,13,Real Sociedad ,2 – 2 ,U. D. Las Palmas ,Anoeta ,26 de noviembre ,16:15 ,19.78,González Fuertes ,7,0
2017,13,Villarreal C. F. ,2 – 3 ,Sevilla F. C. ,La Cerámica ,26 de noviembre ,18:30 ,16.698,Alberola Rojas ,7,0
2017,13,Valencia C. F. ,1 – 1 ,F. C. Barcelona ,Mestalla ,26 de noviembre ,20:45 ,47.775,Iglesias Villanueva ,4,0
2017,13,R. C. D. Español ,1 – 0 ,Getafe C. F. ,RCDE Stadium ,27 de noviembre ,21:00 ,11.659,Martínez Munuera ,10,0
2017,14,Málaga C. F. ,0 – 0 ,Levante U. D. ,La Rosaleda ,1 de diciembre ,21:00 ,17.886,De Burgos Bengoetxea ,4,0
2017,14,F. C. Barcelona ,2 – 2 ,R. C. Celta de Vigo ,Camp Nou ,2 de diciembre ,13:00 ,63.208,Melero López ,9,0
2017,14,Atlético de Madrid ,2 – 1 ,Real Sociedad ,Wanda Metropolitano ,2 de diciembre ,16:15 ,57.394,Jaime Latre ,3,0
2017,14,Sevilla F. C. ,2 – 0 ,R. C. Deportivo de La Coruña ,Sánchez Pizjuán ,2 de diciembre ,18:30 ,32.017,Sánchez Martínez ,4,0
2017,14,Athletic Club ,0 – 0 ,Real Madrid C. F. ,San Mamés ,2 de diciembre ,20:45 ,44.884,Mateu Lahoz ,7,0
2017,14,C. D. Leganés ,3 – 1 ,Villarreal C. F. ,Butarque ,3 de diciembre ,12:00 ,10.017,Fernández Borbalán ,6,0
2017,14,Getafe C. F. ,1 – 0 ,Valencia C. F. ,Alfonso Pérez ,3 de diciembre ,16:15 ,12.48,Medié Jiménez ,12,0
2017,14,S. D. Eibar ,3 – 1 ,R. C. D. Español ,Ipurúa ,3 de diciembre ,18:30 ,4.693,Undiano Mallenco ,6,0
2017,14,U. D. Las Palmas ,1 – 0 ,Real Betis ,Gran Canaria ,3 de diciembre ,20:45 ,16.313,Estrada Fernández ,8,0
2017,14,Girona F. C. ,2 – 3 ,Deportivo Alavés ,Montilivi ,4 de diciembre ,21:00 ,7.316,Alberola Rojas ,3,0
2017,15,Deportivo Alavés ,2 – 0 ,U. D. Las Palmas ,Mendizorroza ,8 de diciembre ,21:00 ,18.567,Medié Jiménez ,2,0
2017,15,Getafe C. F. ,0 – 0 ,S. D. Eibar ,Alfonso Pérez ,9 de diciembre ,13:00 ,9.317,Alberola Rojas ,5,0
2017,15,Real Madrid C. F. ,5 – 0 ,Sevilla F. C. ,Bernabéu ,9 de diciembre ,16:15 ,76.924,Martínez Munuera ,2,0
2017,15,R. C. Deportivo de La Coruña ,1 – 0 ,C. D. Leganés ,Abanca Riazor ,9 de diciembre ,18:30 ,18.366,Melero López ,8,0
2017,15,Valencia C. F. ,2 – 1 ,R. C. Celta de Vigo ,Mestalla ,9 de diciembre ,20:45 ,35.633,Munuera Montero ,6,0
2017,15,Real Sociedad ,0 – 2 ,Málaga C. F. ,Anoeta ,10 de diciembre ,12:00 ,16.834,Del Cerro Grande ,2,0
2017,15,Real Betis ,0 – 1 ,Atlético de Madrid ,Villamarín ,10 de diciembre ,16:15 ,45.517,Hernández Hernández ,7,0
2017,15,Levante U. D. ,1 – 2 ,Athletic Club ,Ciudad de València ,10 de diciembre ,18:30 ,18.005,Estrada Fernández ,6,0
2017,15,Villarreal C. F. ,0 – 2 ,F. C. Barcelona ,La Cerámica ,10 de diciembre ,20:45 ,21.087,De Burgos Bengoetxea ,3,1
2017,15,R. C. D. Español ,0 – 1 ,Girona F. C. ,RCDE Stadium ,11 de diciembre ,21:00 ,13.846,González González ,4,0
2017,16,Sevilla F. C. ,0 – 0 ,Levante U. D. ,Sánchez Pizjuán ,15 de diciembre ,21:00 ,25.803,Iglesias Villanueva ,5,0
2017,16,Athletic Club ,0 – 0 ,Real Sociedad ,San Mamés ,16 de diciembre ,16:15 ,45.504,Fernández Borbalán ,3,0
2017,16,S. D. Eibar ,2 – 1 ,Valencia C. F. ,Ipurúa ,16 de diciembre ,18:30 ,5.219,González Fuertes ,5,0
2017,16,Atlético de Madrid ,1 – 0 ,Deportivo Alavés ,Wanda Metropolitano ,16 de diciembre ,20:45 ,49.937,Gil Manzano ,7,0
2017,16,Girona F. C. ,1 – 0 ,Getafe C. F. ,Montilivi ,17 de diciembre ,12:00 ,10.095,Undiano Mallenco ,8,0
2017,16,R. C. Celta de Vigo ,0 – 1 ,Villarreal C. F. ,Balaídos ,17 de diciembre ,16:15 ,18.215,Estrada Fernández ,4,0
2017,16,U. D. Las Palmas ,2 – 2 ,R. C. D. Español ,Gran Canaria ,17 de diciembre ,18:30 ,14.02,Sánchez Martínez ,6,0
2017,16,F. C. Barcelona ,4 – 0 ,R. C. Deportivo de La Coruña ,Camp Nou ,17 de diciembre ,20:45 ,53.607,Mateu Lahoz ,1,0
2017,16,Málaga C. F. ,0 – 2 ,Real Betis ,La Rosaleda ,18 de diciembre ,21:00 ,22.488,Alberola Rojas ,4,1
2017,16,C. D. Leganés ,1 – 3 ,Real Madrid C. F. ,Butarque ,21 de febrero ,18:45 ,11.423,González González ,3,0
2017,17,Levante U. D. ,0 – 0 ,C. D. Leganés ,Ciudad de València ,19 de diciembre ,21:30 ,14.639,Jaime Latre ,12,0
2017,17,Getafe C. F. ,2 – 0 ,U. D. Las Palmas ,Alfonso Pérez ,20 de diciembre ,19:30 ,9.231,De Burgos Bengoetxea ,4,0
2017,17,Real Sociedad ,3 – 1 ,Sevilla F. C. ,Anoeta ,20 de diciembre ,21:30 ,17.205,Hernández Hernández ,6,0
2017,17,S. D. Eibar ,4 – 1 ,Girona F. C. ,Ipurúa ,21 de diciembre ,19:30 ,4.867,Iglesias Villanueva ,3,0
2017,17,Deportivo Alavés ,1 – 0 ,Málaga C. F. ,Mendizorroza ,21 de diciembre ,21:30 ,18.733,Álvarez Izquierdo ,7,0
2017,17,Real Betis ,0 – 2 ,Athletic Club ,Villamarín ,22 de diciembre ,19:30 ,42.713,Martínez Munuera ,3,1
2017,17,R. C. D. Español ,1 – 0 ,Atlético de Madrid ,RCDE Stadium ,22 de diciembre ,21:30 ,19.327,Melero López ,7,0
2017,17,Real Madrid C. F. ,0 – 3 ,F. C. Barcelona ,Bernabéu ,23 de diciembre ,13:00 ,80.264,Sánchez Martínez ,4,1
2017,17,Valencia C. F. ,0 – 1 ,Villarreal C. F. ,Mestalla ,23 de diciembre ,16:15 ,39.181,Trujillo Suárez ,12,0
2017,17,R. C. Deportivo de La Coruña ,1 – 3 ,R. C. Celta de Vigo ,Abanca Riazor ,23 de diciembre ,18:30 ,27.877,Undiano Mallenco ,4,0
2017,18,Atlético de Madrid ,2 – 0 ,Getafe C. F. ,Wanda Metropolitano ,6 de enero ,13:00 ,47.023,Munuera Montero ,10,0
2017,18,Valencia C. F. ,2 – 1 ,Girona F. C. ,Mestalla ,6 de enero ,16:15 ,27.749,Fernández Borbalán ,9,0
2017,18,U. D. Las Palmas ,1 – 2 ,S. D. Eibar ,Gran Canaria ,6 de enero ,18:30 ,12.059,González González ,6,0
2017,18,Sevilla F. C. ,3 – 5 ,Real Betis ,Sánchez Pizjuán ,6 de enero ,20:45 ,40.282,Gil Manzano ,9,0
2017,18,C. D. Leganés ,1 – 0 ,Real Sociedad ,Butarque ,7 de enero ,12:00 ,7.523,Estrada Fernández ,1,0
2017,18,F. C. Barcelona ,3 – 0 ,Levante U. D. ,Camp Nou ,7 de enero ,16:15 ,56.38,Del Cerro Grande ,4,0
2017,18,Villarreal C. F. ,1 – 1 ,R. C. Deportivo de La Coruña ,La Cerámica ,7 de enero ,18:30 ,15.442,Medié Jiménez ,7,0
2017,18,Athletic Club ,2 – 0 ,Deportivo Alavés ,San Mamés ,7 de enero ,18:30 ,41,González Fuertes ,6,0
2017,18,R. C. Celta de Vigo ,2 – 2 ,Real Madrid C. F. ,Balaídos ,7 de enero ,20:45 ,20.872,Jaime Latre ,4,0
2017,18,Málaga C. F. ,0 – 1 ,R. C. D. Español ,La Rosaleda ,8 de enero ,21:00 ,12.149,Mateu Lahoz ,5,0
2017,19,Getafe C. F. ,1 – 0 ,Málaga C. F. ,Alfonso Pérez ,12 de enero ,21:00 ,9.513,Martínez Munuera ,4,0
2017,19,Girona F. C. ,6 – 0 ,U. D. Las Palmas ,Montilivi ,13 de enero ,13:00 ,10.037,Melero López ,7,0
2017,19,Real Madrid C. F. ,0 – 1 ,Villarreal C. F. ,Bernabéu ,13 de enero ,16:15 ,63.403,Undiano Mallenco ,3,0
2017,19,S. D. Eibar ,0 – 1 ,Atlético de Madrid ,Ipurúa ,13 de enero ,18:30 ,6.186,Mateu Lahoz ,3,0
2017,19,R. C. Deportivo de La Coruña ,1 – 2 ,Valencia C. F. ,Abanca Riazor ,13 de enero ,20:45 ,19.031,Alberola Rojas ,3,0
2017,19,Levante U. D. ,0 – 1 ,R. C. Celta de Vigo ,Ciudad de València ,14 de enero ,12:00 ,17.007,Álvarez Izquierdo ,7,0
2017,19,Deportivo Alavés ,1 – 0 ,Sevilla F. C. ,Mendizorroza ,14 de enero ,16:15 ,19.413,Sánchez Martínez ,7,0
2017,19,R. C. D. Español ,1 – 1 ,Athletic Club ,RCDE Stadium ,14 de enero ,18:30 ,20.228,Trujillo Suárez ,6,0
2017,19,Real Sociedad ,2 – 4 ,F. C. Barcelona ,Anoeta ,14 de enero ,20:45 ,23.277,González González ,4,0
2017,19,Real Betis ,3 – 2 ,C. D. Leganés ,Villamarín ,15 de enero ,21:00 ,41.777,Iglesias Villanueva ,5,0
2017,20,Getafe C. F. ,2 – 2 ,Athletic Club ,Alfonso Pérez ,19 de enero ,21:00 ,11.457,Gil Manzano ,6,0
2017,20,R. C. D. Español ,0 – 3 ,Sevilla F. C. ,RCDE Stadium ,20 de enero ,13:00 ,19.607,Undiano Mallenco ,6,0
2017,20,Atlético de Madrid ,1 – 1 ,Girona F. C. ,Wanda Metropolitano ,20 de enero ,16:15 ,55.076,De Burgos Bengoetxea ,7,0
2017,20,Villarreal C. F. ,2 – 1 ,Levante U. D. ,La Cerámica ,20 de enero ,18:30 ,16.773,González González ,4,0
2017,20,U. D. Las Palmas ,2 – 1 ,Valencia C. F. ,Gran Canaria ,20 de enero ,20:45 ,20.242,Munuera Montero ,11,0
2017,20,Deportivo Alavés ,2 – 2 ,C. D. Leganés ,Mendizorroza ,21 de enero ,12:00 ,19.637,Trujillo Suárez ,6,0
2017,20,Real Madrid C. F. ,7 – 1 ,R. C. Deportivo de La Coruña ,Bernabéu ,21 de enero ,16:15 ,63.504,Fernández Borbalán ,2,0
2017,20,Real Sociedad ,1 – 2 ,R. C. Celta de Vigo ,Anoeta ,21 de enero ,18:30 ,19.081,Mateu Lahoz ,3,0
2017,20,Real Betis ,0 – 5 ,F. C. Barcelona ,Villamarín ,21 de enero ,20:45 ,53.426,Jaime Latre ,4,0
2017,20,S. D. Eibar ,1 – 1 ,Málaga C. F. ,Ipurúa ,22 de enero ,21:00 ,452,Medié Jiménez ,4,0
2017,21,Athletic Club ,1 – 1 ,S. D. Eibar ,San Mamés ,26 de enero ,21:00 ,39.331,Melero López ,0,0
2017,21,R. C. Deportivo de La Coruña ,2 – 2 ,Levante U. D. ,Abanca Riazor ,27 de enero ,13:00 ,20.151,González Fuertes ,12,0
2017,21,Valencia C. F. ,1 – 4 ,Real Madrid C. F. ,Mestalla ,27 de enero ,16:15 ,47.034,Estrada Fernández ,5,0
2017,21,Málaga C. F. ,0 – 0 ,Girona F. C. ,La Rosaleda ,27 de enero ,18:30 ,22.125,Undiano Mallenco ,3,0
2017,21,Villarreal C. F. ,4 – 2 ,Real Sociedad ,La Cerámica ,27 de enero ,20:45 ,15.052,Del Cerro Grande ,2,0
2017,21,C. D. Leganés ,3 – 2 ,R. C. D. Español ,Butarque ,28 de enero ,12:00 ,10.132,Martínez Munuera ,6,0
2017,21,Atlético de Madrid ,3 – 0 ,U. D. Las Palmas ,Wanda Metropolitano ,28 de enero ,16:15 ,55.363,Álvarez Izquierdo ,3,0
2017,21,Sevilla F. C. ,1 – 1 ,Getafe C. F. ,Sánchez Pizjuán ,28 de enero ,18:30 ,34.011,Alberola Rojas ,6,0
2017,21,F. C. Barcelona ,2 – 1 ,Deportivo Alavés ,Camp Nou ,28 de enero ,20:45 ,62.369,Iglesias Villanueva ,2,0
2017,21,R. C. Celta de Vigo ,3 – 2 ,Real Betis ,Balaídos ,29 de enero ,21:00 ,14.667,Sánchez Martínez ,6,0
2017,22,Real Sociedad ,5 – 0 ,R. C. Deportivo de La Coruña ,Anoeta ,2 de febrero ,21:00 ,15.626,Undiano Mallenco ,1,0
2017,22,S. D. Eibar ,5 – 1 ,Sevilla F. C. ,Ipurúa ,3 de febrero ,13:00 ,5.311,Trujillo Suárez ,3,0
2017,22,Real Betis ,2 – 1 ,Villarreal C. F. ,Villamarín ,3 de febrero ,16:15 ,50.102,Alberola Rojas ,3,1
2017,22,Deportivo Alavés ,2 – 1 ,R. C. Celta de Vigo ,Mendizorroza ,3 de febrero ,18:30 ,19.437,Martínez Munuera ,5,0
2017,22,Levante U. D. ,2 – 2 ,Real Madrid C. F. ,Ciudad de València ,3 de febrero ,20:45 ,23.542,Melero López ,6,0
2017,22,Getafe C. F. ,0 – 0 ,C. D. Leganés ,Alfonso Pérez ,4 de febrero ,12:00 ,10.657,Álvarez Izquierdo ,8,0
2017,22,R. C. D. Español ,1 – 1 ,F. C. Barcelona ,RCDE Stadium ,4 de febrero ,16:15 ,23.287,Gil Manzano ,7,0
2017,22,Girona F. C. ,2 – 0 ,Athletic Club ,Montilivi ,4 de febrero ,18:30 ,9.602,Munuera Montero ,2,0
2017,22,Atlético de Madrid ,1 – 0 ,Valencia C. F. ,Wanda Metropolitano ,4 de febrero ,20:45 ,49.596,Iglesias Villanueva ,2,0
2017,22,U. D. Las Palmas ,1 – 0 ,Málaga C. F. ,Gran Canaria ,5 de febrero ,21:00 ,17.424,De Burgos Bengoetxea ,5,0
2017,23,Athletic Club ,0 – 0 ,U. D. Las Palmas ,San Mamés ,9 de febrero ,21:00 ,33.679,Estrada Fernández ,8,0
2017,23,Villarreal C. F. ,1 – 2 ,Deportivo Alavés ,La Cerámica ,10 de febrero ,13:00 ,14.984,Trujillo Suárez ,8,0
2017,23,Málaga C. F. ,0 – 1 ,Atlético de Madrid ,La Rosaleda ,10 de febrero ,16:15 ,25.482,Sánchez Martínez ,5,0
2017,23,C. D. Leganés ,0 – 1 ,S. D. Eibar ,Butarque ,10 de febrero ,18:30 ,9.327,González Fuertes ,6,0
2017,23,Real Madrid C. F. ,5 – 2 ,Real Sociedad ,Bernabéu ,10 de febrero ,20:45 ,63.811,Hernández Hernández ,3,0
2017,23,Sevilla F. C. ,1 – 0 ,Girona F. C. ,Sánchez Pizjuán ,11 de febrero ,12:00 ,33.129,Jaime Latre ,4,0
2017,23,F. C. Barcelona ,0 – 0 ,Getafe C. F. ,Camp Nou ,11 de febrero ,16:15 ,75.681,Fernández Borbalán ,5,0
2017,23,R. C. Celta de Vigo ,2 – 2 ,R. C. D. Español ,Balaídos ,11 de febrero ,18:30 ,15.649,González González ,7,0
2017,23,Valencia C. F. ,3 – 1 ,Levante U. D. ,Mestalla ,11 de febrero ,20:45 ,38.199,Medié Jiménez ,7,0
2017,23,R. C. Deportivo de La Coruña ,0 - 1 ,Real Betis ,Abanca Riazor ,12 de febrero ,21:00 ,20.49,Del Cerro Grande ,2,0
2017,24,Girona F. C. ,3 – 0 ,C. D. Leganés ,Montilivi ,16 de febrero ,21:00 ,9.142,Mateu Lahoz ,8,0
2017,24,U. D. Las Palmas ,1 – 2 ,Sevilla F. C. ,Gran Canaria ,17 de febrero ,13:00 ,19.161,Iglesias Villanueva ,7,0
2017,24,S. D. Eibar ,0 – 2 ,F. C. Barcelona ,Ipurúa ,17 de febrero ,16:15 ,6.76,Hernández Hernández ,4,0
2017,24,Deportivo Alavés ,1 – 0 ,R. C. Deportivo de La Coruña ,Mendizorroza ,17 de febrero ,18:30 ,19.453,Melero López ,5,0
2017,24,Málaga C. F. ,1 – 2 ,Valencia C. F. ,La Rosaleda ,17 de febrero ,20:45 ,21.134,Trujillo Suárez ,6,1
2017,24,Real Sociedad ,3 – 0 ,Levante U. D. ,Anoeta ,18 de febrero ,12:00 ,18.189,Jaime Latre ,2,0
2017,24,Atlético de Madrid ,2 – 0 ,Athletic Club ,Wanda Metropolitano ,18 de febrero ,16:15 ,60.022,González González ,5,0
2017,24,R. C. D. Español ,1 – 1 ,Villarreal C. F. ,RCDE Stadium ,18 de febrero ,18:30 ,19.688,Munuera Montero ,6,0
2017,24,Real Betis ,3 – 5 ,Real Madrid C. F. ,Villamarín ,18 de febrero ,20:45 ,53.486,Gil Manzano ,8,0
2017,24,Getafe C. F. ,3 – 0 ,R. C. Celta de Vigo ,Alfonso Pérez ,19 de febrero ,21:00 ,8.367,González Fuertes ,7,0
2017,25,R. C. Deportivo de La Coruña ,0 – 0 ,R. C. D. Español ,Abanca Riazor ,23 de febrero ,21:00 ,18.028,Fernández Borbalán ,6,0
2017,25,R. C. Celta de Vigo ,2 – 0 ,S. D. Eibar ,Balaídos ,24 de febrero ,13:00 ,15.383,Del Cerro Grande ,5,0
2017,25,Real Madrid C. F. ,4 – 0 ,Deportivo Alavés ,Bernabéu ,24 de febrero ,16:15 ,75.181,Estrada Fernández ,3,0
2017,25,C. D. Leganés ,0 – 0 ,U. D. Las Palmas ,Butarque ,24 de febrero ,18:30 ,9.325,Jaime Latre ,9,0
2017,25,F. C. Barcelona ,6 – 1 ,Girona F. C. ,Camp Nou ,24 de febrero ,20:45 ,85.417,Alberola Rojas ,2,0
2017,25,Villarreal C. F. ,1 – 0 ,Getafe C. F. ,La Cerámica ,25 de febrero ,12:00 ,16.125,Sánchez Martínez ,8,0
2017,25,Athletic Club ,2 – 1 ,Málaga C. F. ,San Mamés ,25 de febrero ,16:15 ,37.518,Hernández Hernández ,6,0
2017,25,Valencia C. F. ,2 – 1 ,Real Sociedad ,Mestalla ,25 de febrero ,18:30 ,37.195,González Fuertes ,5,0
2017,25,Sevilla F. C. ,2 – 5 ,Atlético de Madrid ,Sánchez Pizjuán ,25 de febrero ,20:45 ,37.884,Martínez Munuera ,6,0
2017,25,Levante U. D. ,0 – 2 ,Real Betis ,Ciudad de València ,26 de febrero ,21:00 ,16.545,De Burgos Bengoetxea ,7,0
2017,26,R. C. D. Español ,1 – 0 ,Real Madrid C. F. ,RCDE Stadium ,27 de febrero ,20:00 ,19.805,Sánchez Martínez ,2,0
2017,26,Girona F. C. ,1 – 0 ,R. C. Celta de Vigo ,Montilivi ,27 de febrero ,21:30 ,6.392,Trujillo Suárez ,5,0
2017,26,Athletic Club ,1 – 1 ,Valencia C. F. ,San Mamés ,28 de febrero ,19:30 ,34.382,Gil Manzano ,3,0
2017,26,Málaga C. F. ,0 – 1 ,Sevilla F. C. ,La Rosaleda ,28 de febrero ,19:30 ,15.516,Del Cerro Grande ,4,0
2017,26,Getafe C. F. ,3 – 0 ,R. C. Deportivo de La Coruña ,Alfonso Pérez ,28 de febrero ,19:30 ,5.097,Munuera Montero ,6,0
2017,26,Atlético de Madrid ,4 – 0 ,C. D. Leganés ,Wanda Metropolitano ,28 de febrero ,21:30 ,35.033,Estrada Fernández ,4,0
2017,26,S. D. Eibar ,1 – 0 ,Villarreal C. F. ,Ipurúa ,28 de febrero ,21:30 ,4.056,Melero López ,6,0
2017,26,Real Betis ,0 – 0 ,Real Sociedad ,Villamarín ,1 de marzo ,19:30 ,40.288,González González ,2,0
2017,26,U. D. Las Palmas ,1 – 1 ,F. C. Barcelona ,Gran Canaria ,1 de marzo ,21:00 ,,Mateu Lahoz ,9,0
2017,26,Deportivo Alavés ,1 – 0 ,Levante U. D. ,Mendizorroza ,1 de marzo ,21:30 ,16.812,Fernández Borbalán ,7,1
2017,27,Villarreal C. F. ,0 – 2 ,Girona F. C. ,La Cerámica ,3 de marzo ,13:00 ,14.54,González Fuertes ,5,0
2017,27,Sevilla F. C. ,2 – 0 ,Athletic Club ,Sánchez Pizjuán ,3 de marzo ,16:15 ,25.185,Undiano Mallenco ,5,0
2017,27,C. D. Leganés ,2 – 0 ,Málaga C. F. ,Butarque ,3 de marzo ,18:30 ,6.937,Iglesias Villanueva ,2,0
2017,27,R. C. Deportivo de La Coruña ,1 – 1 ,S. D. Eibar ,Abanca Riazor ,3 de marzo ,18:30 ,19.417,Jaime Latre ,3,1
2017,27,Real Madrid C. F. ,3 – 1 ,Getafe C. F. ,Bernabéu ,3 de marzo ,20:45 ,55.106,Melero López ,4,0
2017,27,Levante U. D. ,1 – 1 ,R. C. D. Español ,Ciudad de València ,4 de marzo ,12:00 ,17.143,Alberola Rojas ,3,0
2017,27,F. C. Barcelona ,1 – 0 ,Atlético de Madrid ,Camp Nou ,4 de marzo ,16:15 ,90.356,Gil Manzano ,4,0
2017,27,Real Sociedad ,2 – 1 ,Deportivo Alavés ,Anoeta ,4 de marzo ,18:30 ,21.445,Martínez Munuera ,1,0
2017,27,Valencia C. F. ,2 – 0 ,Real Betis ,Mestalla ,4 de marzo ,20:45 ,35.565,Hernández Hernández ,5,0
2017,27,R. C. Celta de Vigo ,2 – 1 ,U. D. Las Palmas ,Balaídos ,5 de marzo ,21:00 ,11.276,De Burgos Bengoetxea ,3,0
2017,28,Girona F. C. ,2 – 0 ,R. C. Deportivo de La Coruña ,Montilivi ,9 de marzo ,21:00 ,10.663,Undiano Mallenco ,5,0
2017,28,S. D. Eibar ,1 – 2 ,Real Madrid C. F. ,Ipurúa ,10 de marzo ,13:00 ,6.707,Munuera Montero ,2,0
2017,28,Sevilla F. C. ,0 – 2 ,Valencia C. F. ,Sánchez Pizjuán ,10 de marzo ,16:15 ,33.287,De Burgos Bengoetxea ,6,0
2017,28,Getafe C. F. ,0 – 1 ,Levante U. D. ,Alfonso Pérez ,10 de marzo ,18:30 ,8.136,Trujillo Suárez ,12,1
2017,28,Málaga C. F. ,0 – 2 ,F. C. Barcelona ,La Rosaleda ,10 de marzo ,20:45 ,26.667,Martínez Munuera ,2,1
2017,28,R. C. D. Español ,2 – 1 ,Real Sociedad ,RCDE Stadium ,11 de marzo ,12:00 ,20.314,Mateu Lahoz ,2,0
2017,28,Atlético de Madrid ,3 – 0 ,R. C. Celta de Vigo ,Wanda Metropolitano ,11 de marzo ,16:15 ,55.076,Alberola Rojas ,3,0
2017,28,U. D. Las Palmas ,0 – 2 ,Villarreal C. F. ,Gran Canaria ,11 de marzo ,18:30 ,18.907,Medié Jiménez ,2,1
2017,28,Athletic Club ,2 – 0 ,C. D. Leganés ,San Mamés ,11 de marzo ,20:45 ,30.787,Sánchez Martínez ,7,0
2017,28,Deportivo Alavés ,1 – 3 ,Real Betis ,Mendizorroza ,12 de marzo ,21:00 ,17.239,Del Cerro Grande ,5,0
2017,29,Levante U. D. ,2 – 1 ,S. D. Eibar ,Ciudad de València ,16 de marzo ,21:00 ,16.028,Iglesias Villanueva ,7,0
2017,29,R. C. Deportivo de La Coruña ,1 – 1 ,U. D. Las Palmas ,Abanca Riazor ,17 de marzo ,13:00 ,18.942,Martínez Munuera ,6,0
2017,29,Valencia C. F. ,3 – 1 ,Deportivo Alavés ,Mestalla ,17 de marzo ,16:15 ,35.264,Munuera Montero ,2,0
2017,29,Real Sociedad ,1 – 2 ,Getafe C. F. ,Anoeta ,17 de marzo ,18:30 ,17.509,Estrada Fernández ,10,0
2017,29,Real Betis ,3 – 0 ,R. C. D. Español ,Villamarín ,17 de marzo ,20:45 ,31.23,De Burgos Bengoetxea ,4,0
2017,29,C. D. Leganés ,2 – 1 ,Sevilla F. C. ,Butarque ,18 de marzo ,12:00 ,10.037,Alberola Rojas ,6,0
2017,29,F. C. Barcelona   ,2 – 0 ,Athletic Club ,Camp Nou ,18 de marzo ,16:15 ,84.053,Jaime Latre ,4,0
2017,29,R. C. Celta de Vigo ,0 – 0 ,Málaga C. F. ,Balaídos ,18 de marzo ,18:30 ,17.23,Undiano Mallenco ,5,0
2017,29,Villarreal C. F. ,2 – 1 ,Atlético de Madrid ,La Cerámica ,18 de marzo ,18:30 ,19.385,Fernández Borbalán ,8,1
2017,29,Real Madrid C. F. ,6 – 3 ,Girona F. C. ,Bernabéu ,18 de marzo ,20:45 ,59.097,Gil Manzano ,3,0
2017,30,Girona F. C. ,1 – 1 ,Levante U. D. ,Montilivi ,31 de marzo ,13:00 ,11.391,De Burgos Bengoetxea ,4,0
2017,30,Athletic Club ,1 – 1 ,R. C. Celta de Vigo ,San Mamés ,31 de marzo ,16:15 ,33.657,Del Cerro Grande ,4,0
2017,30,U. D. Las Palmas ,0 – 3 ,Real Madrid C. F. ,Gran Canaria ,31 de marzo ,18:30 ,22.942,González Fuertes ,3,0
2017,30,Sevilla F. C. ,2 – 2 ,F. C. Barcelona ,Sánchez Pizjuán ,31 de marzo ,20:45 ,37.588,González González ,2,0
2017,30,R. C. D. Español ,0 – 0 ,Deportivo Alavés ,RCDE Stadium ,1 de abril ,12:00 ,15.448,Iglesias Villanueva ,5,0
2017,30,C. D. Leganés ,0 – 1 ,Valencia C. F. ,Butarque ,1 de abril ,16:15 ,10.697,Melero López ,7,0
2017,30,S. D. Eibar ,0 – 0 ,Real Sociedad ,Ipurúa ,1 de abril ,18:30 ,6.233,Sánchez Martínez ,6,0
2017,30,Málaga C. F. ,1 – 0 ,Villarreal C. F. ,La Rosaleda ,1 de abril ,18:30 ,19.142,Álvarez Izquierdo ,5,0
2017,30,Atlético de Madrid ,1 – 0 ,R. C. Deportivo de La Coruña ,Wanda Metropolitano ,1 de abril ,20:45 ,49.351,Trujillo Suárez ,5,0
2017,30,Getafe C. F. ,0 – 1 ,Real Betis ,Alfonso Pérez ,2 de abril ,21:00 ,10.628,Undiano Mallenco ,6,0
2017,31,R. C. Deportivo de La Coruña ,3 – 2 ,Málaga C. F. ,Abanca Riazor ,6 de abril ,21:00 ,16.932,Mateu Lahoz ,7,0
2017,31,Deportivo Alavés ,2 – 0 ,Getafe C. F. ,Mendizorroza ,7 de abril ,13:00 ,18.241,Jaime Latre ,5,0
2017,31,R. C. Celta de Vigo ,4 – 0 ,Sevilla F. C. ,Balaídos ,7 de abril ,16:15 ,16.919,Álvarez Izquierdo ,3,0
2017,31,Real Betis ,2 – 0 ,S. D. Eibar ,Villamarín ,7 de abril ,18:30 ,50.194,Medié Jiménez ,4,0
2017,31,F. C. Barcelona ,3 – 1 ,C. D. Leganés ,Camp Nou ,7 de abril ,20:45 ,72.126,De Burgos Bengoetxea ,6,0
2017,31,Levante U. D. ,2 – 1 ,U. D. Las Palmas ,Ciudad de València ,8 de abril ,12:00 ,18.402,Fernández Borbalán ,9,1
2017,31,Real Madrid C. F. ,1 – 1 ,Atlético de Madrid ,Bernabéu ,8 de abril ,16:15 ,78.769,Estrada Fernández ,5,0
2017,31,Real Sociedad ,5 – 0 ,Girona F. C. ,Anoeta ,8 de abril ,18:30 ,18.027,Munuera Montero ,4,0
2017,31,Valencia C. F. ,1 – 0 ,R. C. D. Español ,Mestalla ,8 de abril ,20:45 ,36.296,Gil Manzano ,5,0
2017,31,Villarreal C. F. ,1 – 3 ,Athletic Club ,La Cerámica ,9 de abril ,21:00 ,14.869,Iglesias Villanueva ,10,0
2017,32,Girona F. C. ,0 – 1 ,Real Betis ,Montilivi ,13 de abril ,21:00 ,11.286,Jaime Latre ,12,0
2017,32,Sevilla F. C. ,2 – 2 ,Villarreal C. F. ,Sánchez Pizjuán ,14 de abril ,13:00 ,32.192,González Fuertes ,8,0
2017,32,F. C. Barcelona ,2 – 1 ,Valencia C. F. ,Camp Nou ,14 de abril ,16:15 ,69.544,Del Cerro Grande ,4,0
2017,32,U. D. Las Palmas ,0 – 1 ,Real Sociedad ,Gran Canaria ,14 de abril ,18:30 ,10.531,Álvarez Izquierdo ,2,0
2017,32,C. D. Leganés ,1 – 0 ,R. C. Celta de Vigo ,Butarque ,14 de abril ,18:30 ,10.393,Hernández Hernández ,6,0
2017,32,Athletic Club ,2 – 3 ,R. C. Deportivo de La Coruña ,San Mamés ,14 de abril ,20:45 ,37.715,González González ,3,0
2017,32,S. D. Eibar ,0 – 1 ,Deportivo Alavés ,Ipurúa ,15 de abril ,12:00 ,5.754,Undiano Mallenco ,3,0
2017,32,Atlético de Madrid   ,3 – 0 ,Levante U. D. ,Wanda Metropolitano ,15 de abril ,16:15 ,58.043,Gil Manzano ,3,0
2017,32,Getafe C. F. ,1 – 0 ,R. C. D. Español ,Alfonso Pérez ,15 de abril ,18:30 ,10.593,Melero López ,8,0
2017,32,Málaga C. F. ,1 – 2 ,Real Madrid C. F. ,La Rosaleda ,15 de abril ,20:45 ,27.112,De Burgos Bengoetxea ,4,0
2017,33,R. C. Deportivo de La Coruña ,0 – 0 ,Sevilla F. C. ,Abanca Riazor ,17 de abril ,19:30 ,24.374,Medié Jiménez ,2,0
2017,33,R. C. Celta de Vigo ,2 – 2 ,F. C. Barcelona ,Balaídos ,17 de abril ,21:00 ,20.347,Fernández Borbalán ,3,1
2017,33,Villarreal C. F. ,2 – 1 ,C. D. Leganés ,La Cerámica ,17 de abril ,21:30 ,12.556,Trujillo Suárez ,2,0
2017,33,Valencia C. F. ,1 – 2 ,Getafe C. F. ,Mestalla ,18 de abril ,19:30 ,35.829,De Burgos Bengoetxea ,7,1
2017,33,R. C. D. Español ,0 – 1 ,S. D. Eibar ,RCDE Stadium ,18 de abril ,19:30 ,12.113,Hernández Hernández ,5,0
2017,33,Real Madrid C. F. ,1 – 1 ,Athletic Club ,Bernabéu ,18 de abril ,21:30 ,59.193,Martínez Munuera ,6,0
2017,33,Deportivo Alavés ,1 – 2 ,Girona F. C. ,Mendizorroza ,19 de abril ,19:30 ,18.366,González Fuertes ,7,0
2017,33,Real Sociedad ,3 – 0 ,Atlético de Madrid ,Anoeta ,19 de abril ,19:30 ,21.404,Alberola Rojas ,1,0
2017,33,Levante U. D. ,1 – 0 ,Málaga C. F.   ,Ciudad de València ,19 de abril ,21:30 ,17.372,Jaime Latre ,2,0
2017,33,Real Betis ,1 – 0 ,U. D. Las Palmas ,Villamarín ,19 de abril ,21:30 ,45.151,Sánchez Martínez ,8,0
2017,34,C. D. Leganés ,0 – 0 ,R. C. Deportivo de La Coruña ,Butarque ,20 de abril ,21:00 ,10.124,Álvarez Izquierdo ,2,0
2017,34,S. D. Eibar ,0 – 1 ,Getafe C. F. ,Ipurúa ,21 de abril ,13:00 ,4.86,Iglesias Villanueva ,5,0
2017,34,R. C. Celta de Vigo ,1 – 1 ,Valencia C. F. ,Balaídos ,21 de abril ,16:15 ,17.316,Undiano Mallenco ,3,0
2017,34,Girona F. C. ,0 – 2 ,R. C. D. Español ,Montilivi ,22 de abril ,12:00 ,12.313,Alberola Rojas ,3,0
2017,34,Málaga C. F. ,2 – 0 ,Real Sociedad ,La Rosaleda ,22 de abril ,16:15 ,14.102,Estrada Fernández ,5,0
2017,34,U. D. Las Palmas   ,0 – 4 ,Deportivo Alavés ,Gran Canaria ,22 de abril ,18:30 ,7.143,Melero López ,3,0
2017,34,Atlético de Madrid ,0 – 0 ,Real Betis ,Wanda Metropolitano ,22 de abril ,20:45 ,54.594,Martínez Munuera ,7,0
2017,34,Athletic Club ,1 – 3 ,Levante U. D. ,San Mamés ,23 de abril ,21:00 ,24.587,Munuera Montero ,6,0
2017,34,F. C. Barcelona ,5 – 1 ,Villarreal C. F. ,Camp Nou ,9 de mayo ,20:00 ,54.743,Sánchez Martínez ,3,0
2017,34,Sevilla F. C. ,3 – 2 ,Real Madrid C. F.   ,Sánchez Pizjuán ,9 de mayo ,21:30 ,38.524,Mateu Lahoz ,4,0
2017,35,Levante U. D. ,2 – 1 ,Sevilla F. C. ,Ciudad de València ,27 de abril ,21:00 ,17.24,González González ,2,0
2017,35,R. C. D. Español ,1 – 1 ,U. D. Las Palmas ,RCDE Stadium ,28 de abril ,13:00 ,13.589,González Fuertes ,6,0
2017,35,Real Sociedad ,3 – 1 ,Athletic Club ,Anoeta ,28 de abril ,16:15 ,23.878,Sánchez Martínez ,9,1
2017,35,Real Madrid C. F. ,2 – 1 ,C. D. Leganés ,Bernabéu ,28 de abril ,18:30 ,59.905,Iglesias Villanueva ,1,1
2017,35,Villarreal C. F. ,4 – 1 ,R. C. Celta de Vigo ,La Cerámica ,28 de abril ,20:45 ,14.135,Alberola Rojas ,2,0
2017,35,Getafe C. F. ,1 – 1 ,Girona F. C. ,Alfonso Pérez ,29 de abril ,12:00 ,8.011,Hernández Hernández ,10,1
2017,35,Deportivo Alavés ,0 – 1 ,Atlético de Madrid ,Mendizorroza ,29 de abril ,16:15 ,18.944,Fernández Borbalán ,10,0
2017,35,Valencia C. F. ,0 – 0 ,S. D. Eibar ,Mestalla ,29 de abril ,18:30 ,40.328,Jaime Latre ,5,0
2017,35,R. C. Deportivo de La Coruña   ,2 – 4 ,F. C. Barcelona,Abanca Riazor ,29 de abril ,20:45 ,25.721,De Burgos Bengoetxea ,2,0
2017,35,Real Betis ,2 – 1 ,Málaga C. F. ,Villamarín ,30 de abril ,21:00 ,53.163,Del Cerro Grande ,5,0
2017,36,Sevilla F. C. ,1 – 0 ,Real Sociedad ,Sánchez Pizjuán ,4 de mayo ,21:00 ,34.733,Jaime Latre ,6,0
2017,36,Girona F. C. ,1 – 4 ,S. D. Eibar ,Montilivi ,5 de mayo ,13:00 ,9.706,Trujillo Suárez ,6,0
2017,36,Athletic Club ,2 – 0 ,Real Betis   ,San Mamés ,5 de mayo ,16:15 ,34.491,Alberola Rojas ,1,0
2017,36,R. C. Celta de Vigo ,1 – 1 ,R. C. Deportivo de La Coruña ,Balaídos ,5 de mayo ,18:30 ,20.816,Del Cerro Grande ,6,0
2017,36,Villarreal C. F. ,1 – 0 ,Valencia C. F.   ,La Cerámica ,5 de mayo ,20:45 ,19.079,Gil Manzano ,8,0
2017,36,Málaga C. F. ,0 – 3 ,Deportivo Alavés ,La Rosaleda ,6 de mayo ,12:00 ,14.024,González González ,3,0
2017,36,Atlético de Madrid ,0 – 2 ,R. C. D. Español ,Wanda Metropolitano ,6 de mayo ,16:15 ,49.834,Munuera Montero ,4,0
2017,36,U. D. Las Palmas ,0 – 1 ,Getafe C. F. ,Gran Canaria ,6 de mayo ,18:30 ,4.624,Undiano Mallenco ,2,0
2017,36,F. C. Barcelona ,2 – 2 ,Real Madrid C. F. ,Camp Nou ,6 de mayo ,20:45 ,97.939,Hernández Hernández ,8,1
2017,36,C. D. Leganés ,0 – 3 ,Levante U. D. ,Butarque ,7 de mayo ,21:00 ,7.832,Sánchez Martínez ,6,1
2017,37,Real Sociedad ,3 – 2 ,C. D. Leganés ,Anoeta ,12 de mayo ,16:15 ,19.981,Medié Jiménez ,3,0
2017,37,R. C. Deportivo de La Coruña ,2 – 4 ,Villarreal C. F.    ,Abanca Riazor ,12 de mayo ,18:30 ,12.885,Hernández Hernández ,3,0
2017,37,Real Betis ,2 – 2 ,Sevilla F. C.   ,Villamarín ,12 de mayo ,18:30 ,55.058,Álvarez Izquierdo ,5,0
2017,37,Deportivo Alavés ,3 – 1 ,Athletic Club ,Mendizorroza ,12 de mayo ,18:30 ,19.458,Estrada Fernández ,7,0
2017,37,Getafe C. F. ,0 – 1 ,Atlético de Madrid ,Alfonso Pérez ,12 de mayo ,18:30 ,12.187,Alberola Rojas ,5,0
2017,37,S. D. Eibar ,1 – 0 ,U. D. Las Palmas ,Ipurúa ,12 de mayo ,18:30 ,5.107,Mateu Lahoz ,4,0
2017,37,Girona F. C. ,0 – 1 ,Valencia C. F. ,Montilivi ,12 de mayo ,18:30 ,10.85,Iglesias Villanueva ,4,0
2017,37,Real Madrid C. F. ,6 – 0 ,R. C. Celta de Vigo ,Bernabéu ,12 de mayo ,20:45 ,56.474,González Fuertes ,1,0
2017,37,R. C. D. Español ,4 – 1 ,Málaga C. F. ,RCDE Stadium ,13 de mayo ,16:15 ,15.004,Martínez Munuera ,2,0
2017,37,Levante U. D. ,5 – 4 ,F. C. Barcelona ,Ciudad de València ,13 de mayo ,20:45 ,22.384,Melero López ,12,0
2017,38,R. C. Celta de Vigo ,4 – 2 ,Levante U. D. ,Balaídos ,19 de mayo ,13:00 ,10.48,De Burgos Bengoetxea ,4,0
2017,38,C. D. Leganés ,3 – 2 ,Real Betis ,Butarque ,19 de mayo ,16:15 ,10.813,Gil Manzano ,2,0
2017,38,Sevilla F. C. ,1 – 0 ,Deportivo Alavés ,Sánchez Pizjuán ,19 de mayo ,18:30 ,22.513,Del Cerro Grande ,4,0
2017,38,Málaga C. F. ,0 – 1 ,Getafe C. F. ,La Rosaleda ,19 de mayo ,18:30 ,9.57,Trujillo Suárez ,5,0
2017,38,U. D. Las Palmas ,1 – 2 ,Girona F. C. ,Gran Canaria ,19 de mayo ,18:30 ,6.362,Jaime Latre ,3,0
2017,38,Villarreal C. F. ,2 – 2 ,Real Madrid C. F. ,La Cerámica ,19 de mayo ,20:45 ,18.891,Sánchez Martínez ,7,0
2017,38,Valencia C. F. ,2 – 1 ,R. C. Deportivo de La Coruña ,Mestalla ,20 de mayo ,12:00 ,35.376,Medié Jiménez ,0,0
2017,38,Athletic Club ,0 – 1 ,R. C. D. Español ,San Mamés ,20 de mayo ,16:15 ,28.492,Fernández Borbalán ,1,0
2017,38,Atlético de Madrid ,2 – 2 ,S. D. Eibar ,Wanda Metropolitano ,20 de mayo ,18:30 ,63.229,Álvarez Izquierdo ,8,0
2017,38,F. C. Barcelona ,1 – 0 ,Real Sociedad ,Camp Nou ,20 de mayo ,20:45 ,84.168,Munuera Montero ,5,0
2019,1,Athletic Club ,1 – 0 ,F. C. Barcelona ,San Mamés ,16 de agosto ,21:00 ,47693,Del Cerro Grande ,2,0
2019,1,R. C. Celta de Vigo ,1 – 3 ,Real Madrid C. F. ,Balaídos ,17 de agosto ,17:00 ,23566,Estrada Fernández ,7,1
2019,1,Valencia C. F. ,1 – 1 ,Real Sociedad ,Mestalla ,17 de agosto ,19:00 ,41953,Gil Manzano ,8,0
2019,1,R. C. D. Mallorca ,2 – 1 ,S. D. Eibar ,Estadio de Son Moix ,17 de agosto ,20:00 ,15127,Melero López ,5,0
2019,1,Villarreal C. F. ,4 – 4 ,Granada C. F. ,La Cerámica ,17 de agosto ,21:00 ,14753,Cordero Vega ,4,0
2019,1,C. D. Leganés ,0 – 1 ,C. A. Osasuna ,Butarque ,17 de agosto ,21:00 ,10020,Alberola Rojas ,5,1
2019,1,Deportivo Alavés ,1 – 0 ,Levante U. D. ,Mendizorroza ,18 de agosto ,17:00 ,12029,Soto Grado ,3,0
2019,1,R. C. D. Español ,0 – 2 ,Sevilla F. C. ,RCDE Stadium ,18 de agosto ,19:00 ,19832,Martínez Munuera ,4,0
2019,1,Real Betis ,1 – 2 ,Real Valladolid C. F. ,Benito Villamarín ,18 de agosto ,21:00 ,49554,Jaime Latre ,8,1
2019,1,Atlético de Madrid ,1 – 0 ,Getafe C. F. ,Wanda Metropolitano ,18 de agosto ,22:00 ,55099,Cuadra Fernández ,7,1
2019,2,Granada C. F. ,0 – 1 ,Sevilla F. C. ,Los Cármenes ,23 de agosto ,20:00 ,15849,Sánchez Martínez ,2,0
2019,2,Levante U. D. ,2 – 1 ,Villarreal C. F. ,Ciudad de València ,23 de agosto ,22:00 ,18914,Munuera Montero ,3,0
2019,2,C. A. Osasuna ,0 – 0 ,S. D. Eibar ,El Sadar ,24 de agosto ,17:00 ,13993,Medié Jiménez ,8,0
2019,2,Real Madrid C. F. ,1 – 1 ,Real Valladolid C. F. ,Santiago Bernabéu ,24 de agosto ,19:00 ,63037,González Fuertes ,3,0
2019,2,Getafe C. F. ,1 – 1 ,Athletic Club ,Alfonso Pérez ,24 de agosto ,21:00 ,10102,Mateu Lahoz ,3,0
2019,2,R. C. Celta de Vigo ,1 – 0 ,Valencia C. F. ,Balaídos ,24 de agosto ,21:00 ,20065,Hernández Hernández ,3,0
2019,2,Deportivo Alavés ,0 – 0 ,R. C. D. Español ,Mendizorroza ,25 de agosto ,17:00 ,14567,Prieto Iglesias ,4,0
2019,2,R. C. D. Mallorca ,0 – 1 ,Real Sociedad ,Estadio de Son Moix ,25 de agosto ,17:00 ,18028,Pizarro Gómez ,3,0
2019,2,C. D. Leganés ,0 – 1 ,Atlético de Madrid ,Butarque ,25 de agosto ,19:00 ,11742,De Burgos Bengoetxea ,9,0
2019,2,F. C. Barcelona ,5 – 2 ,Real Betis ,Camp Nou ,25 de agosto ,21:00 ,79160,González González ,2,0
2019,3,Sevilla F. C. ,1 – 1 ,R. C. Celta de Vigo ,Sánchez-Pizjuán ,30 de agosto ,20:00 ,37787,Del Cerro Grande ,6,0
2019,3,Athletic Club ,2 – 0 ,Real Sociedad ,San Mamés ,30 de agosto ,22:00 ,46697,Estrada Fernández ,4,0
2019,3,C. A. Osasuna ,2 – 2 ,F. C. Barcelona ,El Sadar ,31 de agosto ,17:00 ,16742,Martínez Munuera ,6,0
2019,3,Levante U. D. ,2 – 0 ,Real Valladolid C. F. ,Ciudad de València ,31 de agosto ,19:00 ,19347,Cordero Vega ,4,0
2019,3,Getafe C. F. ,1 – 1 ,Deportivo Alavés ,Alfonso Pérez ,31 de agosto ,19:00 ,10806,Melero López ,4,0
2019,3,Real Betis ,2 – 1 ,C. D. Leganés ,Benito Villamarín ,31 de agosto ,21:00 ,47819,Cuadra Fernández ,6,0
2019,3,Valencia C. F. ,2 – 0 ,R. C. D. Mallorca ,Mestalla ,1 de septiembre ,17:00 ,40441,Alberola Rojas ,1,0
2019,3,R. C. D. Español ,0 – 3 ,Granada C. F. ,RCDE Stadium ,1 de septiembre ,19:00 ,20870,Soto Grado ,5,0
2019,3,Atlético de Madrid ,3 – 2 ,S. D. Eibar ,Wanda Metropolitano ,1 de septiembre ,19:00 ,56664,Jaime Latre ,3,0
2019,3,Villarreal C. F. ,2 – 2 ,Real Madrid C. F. ,La Cerámica ,1 de septiembre ,21:00 ,20128,Gil Manzano ,5,0
2019,4,R. C. D. Mallorca ,0 – 0 ,Athletic Club ,Estadio de Son Moix ,13 de septiembre ,21:00 ,16390,González Fuertes ,7,0
2019,4,Real Madrid C. F. ,3 – 2 ,Levante U. D. ,Santiago Bernabéu ,14 de septiembre ,13:00 ,60401,De Burgos Bengoetxea ,4,0
2019,4,C. D. Leganés ,0 – 3 ,Villarreal C. F. ,Butarque ,14 de septiembre ,16:00 ,7670,Medié Jiménez ,2,0
2019,4,Real Sociedad ,2 – 0 ,Atlético de Madrid ,Reale Seguros Stadium ,14 de septiembre ,18:30 ,34719,Mateu Lahoz ,4,0
2019,4,F. C. Barcelona ,5 – 2 ,Valencia C. F. ,Camp Nou ,14 de septiembre ,21:00 ,81617,Sánchez Martínez ,5,0
2019,4,S. D. Eibar ,1 – 2 ,R. C. D. Español ,Ipurúa ,15 de septiembre ,12:00 ,5410,Pizarro Gómez ,6,0
2019,4,Deportivo Alavés ,0 – 1 ,Sevilla F. C. ,Mendizorroza ,15 de septiembre ,14:00 ,16309,Hernández Hernández ,10,0
2019,4,R. C. Celta de Vigo ,0 – 2 ,Granada C. F. ,Balaídos ,15 de septiembre ,16:00 ,18259,Prieto Iglesias ,6,2
2019,4,Real Valladolid C. F. ,1 – 1 ,C. A. Osasuna ,José Zorrilla ,15 de septiembre ,18:30 ,20670,Munuera Montero ,1,0
2019,4,Real Betis ,1 – 1  ,Getafe C. F. ,Benito Villamarín ,15 de septiembre ,21:00 ,47884,González González ,9,2
2019,5,C. A. Osasuna ,0 – 0 ,Real Betis ,El Sadar ,20 de septiembre ,21:00 ,15569,Del Cerro Grande ,3,0
2019,5,Villarreal C. F. ,2 – 0 ,Real Valladolid C. F. ,La Cerámica ,21 de septiembre ,13:00 ,16195,Soto Grado ,3,0
2019,5,Levante U. D. ,0 – 0 ,S. D. Eibar ,Ciudad de València ,21 de septiembre ,16:00 ,18904,Alberola Rojas ,2,0
2019,5,Atlético de Madrid ,0 – 0 ,R. C. Celta de Vigo ,Wanda Metropolitano ,21 de septiembre ,18:30 ,57701,Melero López ,8,0
2019,5,Granada C. F. ,2 – 0 ,F. C. Barcelona ,Los Cármenes ,21 de septiembre ,21:00 ,18880,Cuadra Fernández ,5,0
2019,5,Getafe C. F. ,4 – 2 ,R. C. D. Mallorca ,Alfonso Pérez ,22 de septiembre ,12:00 ,11338,Jaime Latre ,9,0
2019,5,R. C. D. Español ,1 – 3 ,Real Sociedad ,RCDE Stadium ,22 de septiembre ,14:00 ,19173,Cordero Vega ,1,0
2019,5,Valencia C. F. ,1 – 1 ,C. D. Leganés ,Mestalla ,22 de septiembre ,16:00 ,39014,Estrada Fernández ,7,0
2019,5,Athletic Club ,2 – 0 ,Deportivo Alavés ,San Mamés ,22 de septiembre ,18:30 ,45143,Gil Manzano ,5,0
2019,5,Sevilla F. C. ,0 – 1 ,Real Madrid C. F. ,Sánchez-Pizjuán ,22 de septiembre ,21:00 ,42354,Martínez Munuera ,5,0
2019,6,Real Valladolid C. F. ,1 – 1 ,Granada C. F. ,José Zorrilla ,24 de septiembre ,19:00 ,18410,Pizarro Gómez ,5,0
2019,6,Real Betis ,3 – 1 ,Levante U. D. ,Benito Villamarín ,24 de septiembre ,20:00 ,44560,Prieto Iglesias ,4,0
2019,6,F. C. Barcelona ,2 – 1 ,Villarreal C. F. ,Camp Nou ,24 de septiembre ,21:00 ,70316,De Burgos Bengoetxea ,6,0
2019,6,C. D. Leganés ,1 – 1 ,Athletic Club ,Butarque ,25 de septiembre ,19:00 ,11036,González González ,1,0
2019,6,R. C. D. Mallorca ,0 – 2 ,Atlético de Madrid ,Estadio de Son Moix ,25 de septiembre ,19:00 ,16308,Hernández Hernández ,8,0
2019,6,Valencia C. F. ,3 – 3 ,Getafe C. F. ,Mestalla ,25 de septiembre ,20:00 ,37814,Munuera Montero ,5,0
2019,6,Real Madrid C. F. ,2 – 0 ,C. A. Osasuna ,Santiago Bernabéu ,25 de septiembre ,21:00 ,57520,Mateu Lahoz ,4,0
2019,6,S. D. Eibar ,3 – 2 ,Sevilla F. C. ,Ipurúa ,26 de septiembre ,19:00 ,5434,González Fuertes ,7,0
2019,6,R. C. Celta de Vigo ,1 – 1 ,R. C. D. Español ,Balaídos ,26 de septiembre ,20:00 ,16361,Sánchez Martínez ,7,0
2019,6,Real Sociedad ,3 – 0 ,Deportivo Alavés ,Reale Seguros Stadium ,26 de septiembre ,21:00 ,28720,Medié Jiménez ,5,0
2019,7,Villarreal C. F. ,5 – 1 ,Real Betis ,La Cerámica ,27 de septiembre ,21:00 ,18135,Estrada Fernández ,5,0
2019,7,Athletic Club ,0 – 1 ,Valencia C. F. ,San Mamés ,28 de septiembre ,13:00 ,42420,Melero López ,6,0
2019,7,Getafe C. F. ,0 – 2 ,F. C. Barcelona ,Alfonso Pérez ,28 de septiembre ,16:00 ,15135,Gil Manzano ,8,0
2019,7,Granada C. F. ,1 - 0 ,C. D. Leganés ,Los Cármenes ,28 de septiembre ,18:30 ,15519,Cordero Vega ,7,0
2019,7,Atlético de Madrid ,0 – 0 ,Real Madrid C. F. ,Wanda Metropolitano ,28 de septiembre ,21:00 ,62032,González González ,3,0
2019,7,R. C. D. Español ,0 – 2 ,Real Valladolid C. F. ,RCDE Stadium ,29 de septiembre ,12:00 ,20911,Cuadra Fernández ,2,1
2019,7,S. D. Eibar ,2 – 0 ,R. C. Celta de Vigo ,Ipurúa ,29 de septiembre ,14:00 ,5453,Martínez Munuera ,4,0
2019,7,Deportivo Alavés ,2 – 0 ,R. C. D. Mallorca ,Mendizorroza ,29 de septiembre ,16:00 ,17135,Del Cerro Grande ,5,0
2019,7,Levante U. D. ,1 – 1 ,C. A. Osasuna ,Ciudad de València ,29 de septiembre ,18:30 ,19362,Soto Grado ,6,0
2019,7,Sevilla F. C. ,3 – 2 ,Real Sociedad ,Sánchez-Pizjuán ,29 de septiembre ,21:00 ,37458,Alberola Rojas ,2,0
2019,8,Real Betis ,1 – 1 ,S. D. Eibar ,Benito Villamarín ,4 de octubre ,21:00 ,46143,Hernández Hernández ,9,0
2019,8,C. D. Leganés ,1 – 2 ,Levante U. D. ,Butarque ,5 de octubre ,13:00 ,10160,Munuera Montero ,8,0
2019,8,Real Madrid C. F. ,4 – 2 ,Granada C. F. ,Santiago Bernabéu ,5 de octubre ,16:00 ,70315,Jaime Latre ,9,0
2019,8,Valencia C. F. ,2 – 1 ,Deportivo Alavés ,Mestalla ,5 de octubre ,18:30 ,38943,Prieto Iglesias ,4,0
2019,8,C. A. Osasuna ,2 – 1 ,Villarreal C. F. ,El Sadar ,5 de octubre ,21:00 ,15415,Pizarro Gómez ,4,0
2019,8,R. C. D. Mallorca ,2 – 0 ,R. C. D. Español ,Estadio de Son Moix ,6 de octubre ,12:00 ,15052,De Burgos Bengoetxea ,4,0
2019,8,R. C. Celta de Vigo ,1 – 0 ,Athletic Club ,Balaídos ,6 de octubre ,14:00 ,19690,Medié Jiménez ,5,0
2019,8,Real Valladolid C. F. ,0 – 0 ,Atlético de Madrid ,José Zorrilla ,6 de octubre ,16:00 ,23650,Sánchez Martínez ,10,0
2019,8,Real Sociedad ,1 – 2 ,Getafe C. F. ,Reale Seguros Stadium ,6 de octubre ,18:30 ,30153,González Fuertes ,6,0
2019,8,F. C. Barcelona ,4 – 0 ,Sevilla F. C. ,Camp Nou ,6 de octubre ,21:00 ,81331,Mateu Lahoz ,8,2
2019,9,Granada C. F. ,1 – 0 ,C. A. Osasuna ,Los Cármenes ,18 de octubre ,21:00 ,16986,Estrada Fernández ,8,1
2019,9,S. D. Eibar ,0 – 3 ,F. C. Barcelona ,Ipurúa ,19 de octubre ,13:00 ,7295,Melero López ,5,0
2019,9,Atlético de Madrid ,1 – 1 ,Valencia C. F. ,Wanda Metropolitano ,19 de octubre ,16:00 ,61603,Cordero Vega ,3,1
2019,9,Getafe C. F. ,2 – 0 ,C. D. Leganés ,Alfonso Pérez ,19 de octubre ,18:30 ,13018,Martínez Munuera ,5,0
2019,9,R. C. D. Mallorca ,1 – 0 ,Real Madrid C. F. ,Estadio de Son Moix ,19 de octubre ,21:00 ,20275,Alberola Rojas ,2,1
2019,9,Deportivo Alavés ,2 – 0 ,R. C. Celta de Vigo ,Mendizorroza ,20 de octubre ,12:00 ,16584,González González ,6,0
2019,9,Real Sociedad ,3 – 1 ,Real Betis ,Reale Arena ,20 de octubre ,14:00 ,28032,Soto Grado ,6,0
2019,9,R. C. D. Español ,0 – 1 ,Villarreal C. F. ,RCDE Stadium ,20 de octubre ,16:00 ,20653,Del Cerro Grande ,3,0
2019,9,Athletic Club ,1 – 1 ,Real Valladolid C. F. ,San Mamés ,20 de octubre ,18:30 ,37107,Gil Manzano ,5,0
2019,9,Sevilla F. C. ,1 – 0 ,Levante U. D. ,Sánchez-Pizjuán ,20 de octubre ,21:00 ,34657,Cuadra Fernández ,4,0
